2026-04-25 10:41:32,723 - INFO - Initializing Web Scraper...
2026-04-25 10:41:41,710 - INFO - Google Sheets initialized successfully
2026-04-25 10:41:42,184 - INFO - Loaded 49 existing processes from spreadsheet
2026-04-25 10:41:42,184 - INFO - Initialization complete
2026-04-25 10:41:42,184 - INFO - Performing login...
2026-04-25 10:41:46,474 - INFO - Waiting for page to load...
2026-04-25 10:41:51,476 - INFO - Navigating to requests page...
2026-04-25 10:41:56,546 - INFO - Applying first filter...
2026-04-25 10:41:58,648 - INFO - Applying second filter...
2026-04-25 10:42:00,732 - INFO - Original window: 14dbb5f8-dc51-4b35-a1ed-4d53dd378f43
2026-04-25 10:42:00,732 - INFO - Found 49 existing processes in spreadsheet before processing
2026-04-25 10:42:00,732 - INFO - ================================================================================
2026-04-25 10:42:00,732 - INFO - STARTING PROCESSING OF ALL REQUESTS
2026-04-25 10:42:00,732 - INFO - ================================================================================
2026-04-25 10:42:00,732 - INFO - ********************************************************************************
2026-04-25 10:42:00,732 - INFO - LISTING PAGE 1
2026-04-25 10:42:00,732 - INFO - ********************************************************************************
2026-04-25 10:42:00,766 - INFO - Found approximately 10 items on this page
2026-04-25 10:42:00,766 - INFO - 
>>> Attempting to process item 1 (Page 1) <<<
2026-04-25 10:42:00,766 - INFO - ################################################################################
2026-04-25 10:42:00,766 - INFO - PROCESSING REQUEST 1 (table row 2)
2026-04-25 10:42:00,766 - INFO - ################################################################################
2026-04-25 10:42:00,766 - INFO - Extracting listing fields (item 0)...
2026-04-25 10:42:00,802 - INFO - Clicking link to open details...
2026-04-25 10:42:01,030 - INFO - Waiting for new window to open...
2026-04-25 10:42:03,035 - INFO - Switched to popup window
2026-04-25 10:42:05,057 - INFO - Page loaded successfully!
2026-04-25 10:42:05,057 - INFO - ============================================================
2026-04-25 10:42:05,057 - INFO - EXTRACTING REQUEST DATA
2026-04-25 10:42:05,057 - INFO - ============================================================
2026-04-25 10:42:05,057 - INFO - Extracting request fields...
2026-04-25 10:42:05,370 - INFO - ============================================================
2026-04-25 10:42:05,370 - INFO - EXTRACTING MODAL FIELDS
2026-04-25 10:42:05,370 - INFO - ============================================================
2026-04-25 10:42:05,370 - INFO - Extracting: OBJETO DO CONTRATO
2026-04-25 10:42:07,562 - INFO -   OK: Trata-se de contratação de empresa para fornecimento de segu...
2026-04-25 10:42:07,562 - INFO - Extracting: ESPECIFICAÇÃO TÉCNICA
2026-04-25 10:42:09,746 - INFO -   OK: ESPECIFICAÇÃO TÉCNICA Prestação de serviço de seguro de vida...
2026-04-25 10:42:09,746 - INFO - Extracting: QUALIFICAÇÃO TÉCNICA
2026-04-25 10:42:11,918 - INFO -   OK: Não se aplica.
2026-04-25 10:42:11,918 - INFO - Extracting: GLOSAS
2026-04-25 10:42:14,080 - INFO -   OK: Não se aplica.
2026-04-25 10:42:14,080 - INFO - Extracting: SLA (ACORDO DE NÍVEL DE SERVIÇO)
2026-04-25 10:42:16,266 - INFO -   OK: Não se aplica.
2026-04-25 10:42:16,266 - INFO - Modal fields filled: 5/5
2026-04-25 10:42:16,266 - INFO - ============================================================
2026-04-25 10:42:16,266 - INFO - EXTRACTING TABLE ITEMS
2026-04-25 10:42:16,266 - INFO - ============================================================
2026-04-25 10:42:16,266 - INFO - Page 1:
2026-04-25 10:42:16,297 - INFO -   Found 1 items on this page
2026-04-25 10:42:16,298 - INFO -   No more pages (Next button not found)
2026-04-25 10:42:16,298 - INFO - ============================================================
2026-04-25 10:42:16,298 - INFO - Total items extracted: 1 (in 1 page(s))
2026-04-25 10:42:16,298 - INFO - Extracting Históricos Observação de Revisões...
2026-04-25 10:42:16,318 - INFO -   Found 1 histórico entries
2026-04-25 10:42:16,318 - INFO - New process CTS85.2026.ABR.00181, setting Situação to 'SOLICITAÇÃO NOVA'
2026-04-25 10:42:16,318 - INFO - ============================================================
2026-04-25 10:42:16,318 - INFO - SUMMARY - Request 1
2026-04-25 10:42:16,318 - INFO - ============================================================
2026-04-25 10:42:16,318 - INFO -   Entidade: UNIDADE DE PRONTO ATENDIMENTO DE SAO PEDRO
2026-04-25 10:42:16,318 - INFO -   Nº SC: CTS85.2026.ABR.00181
2026-04-25 10:42:16,318 - INFO -   Título: CONTRATAÇÃO DE EMPRESA PARA FORNECIMENTO, ADMINIST...
2026-04-25 10:42:16,318 - INFO -   Fields filled: 38/38
2026-04-25 10:42:16,318 - INFO -   Situação: SOLICITAÇÃO NOVA
2026-04-25 10:42:16,318 - INFO -   Items: 1
2026-04-25 10:42:16,318 - INFO -   Histórico entries: 1
2026-04-25 10:42:16,318 - INFO - Inserting new data into spreadsheet...
2026-04-25 10:42:17,061 - INFO - Data inserted into spreadsheet at row 51
2026-04-25 10:42:17,061 - INFO - Inserted data successfully!
2026-04-25 10:42:17,061 - INFO - Closing popup...
2026-04-25 10:42:18,111 - INFO - Returned to main window
2026-04-25 10:42:19,117 - INFO - [NEW] New request inserted! (Total new: 1)
2026-04-25 10:42:20,118 - INFO - 
>>> Attempting to process item 2 (Page 1) <<<
2026-04-25 10:42:20,118 - INFO - ################################################################################
2026-04-25 10:42:20,118 - INFO - PROCESSING REQUEST 2 (table row 3)
2026-04-25 10:42:20,118 - INFO - ################################################################################
2026-04-25 10:42:20,118 - INFO - Extracting listing fields (item 1)...
2026-04-25 10:42:20,144 - INFO - Clicking link to open details...
2026-04-25 10:42:20,391 - INFO - Waiting for new window to open...
2026-04-25 10:42:22,405 - INFO - Switched to popup window
2026-04-25 10:42:24,411 - INFO - Page loaded successfully!
2026-04-25 10:42:24,411 - INFO - ============================================================
2026-04-25 10:42:24,411 - INFO - EXTRACTING REQUEST DATA
2026-04-25 10:42:24,411 - INFO - ============================================================
2026-04-25 10:42:24,411 - INFO - Extracting request fields...
2026-04-25 10:42:24,723 - INFO - ============================================================
2026-04-25 10:42:24,723 - INFO - EXTRACTING MODAL FIELDS
2026-04-25 10:42:24,723 - INFO - ============================================================
2026-04-25 10:42:24,723 - INFO - Extracting: OBJETO DO CONTRATO
2026-04-25 10:42:26,927 - INFO -   OK: Trata-se de contratação de empresa para fornecimento de segu...
2026-04-25 10:42:26,927 - INFO - Extracting: ESPECIFICAÇÃO TÉCNICA
2026-04-25 10:42:29,108 - INFO -   OK: ESPECIFICAÇÃO TÉCNICA Prestação de serviço de seguro de vida...
2026-04-25 10:42:29,108 - INFO - Extracting: QUALIFICAÇÃO TÉCNICA
2026-04-25 10:42:31,278 - INFO -   OK: Não se aplica.
2026-04-25 10:42:31,278 - INFO - Extracting: GLOSAS
2026-04-25 10:42:33,451 - INFO -   OK: Não se aplica.
2026-04-25 10:42:33,451 - INFO - Extracting: SLA (ACORDO DE NÍVEL DE SERVIÇO)
2026-04-25 10:42:35,667 - INFO -   OK: Não se aplica.
2026-04-25 10:42:35,667 - INFO - Modal fields filled: 5/5
2026-04-25 10:42:35,667 - INFO - ============================================================
2026-04-25 10:42:35,667 - INFO - EXTRACTING TABLE ITEMS
2026-04-25 10:42:35,667 - INFO - ============================================================
2026-04-25 10:42:35,667 - INFO - Page 1:
2026-04-25 10:42:35,697 - INFO -   Found 1 items on this page
2026-04-25 10:42:35,697 - INFO -   No more pages (Next button not found)
2026-04-25 10:42:35,697 - INFO - ============================================================
2026-04-25 10:42:35,697 - INFO - Total items extracted: 1 (in 1 page(s))
2026-04-25 10:42:35,697 - INFO - Extracting Históricos Observação de Revisões...
2026-04-25 10:42:35,716 - INFO -   Found 1 histórico entries
2026-04-25 10:42:35,716 - INFO - New process CTS86.2026.ABR.00211, setting Situação to 'SOLICITAÇÃO NOVA'
2026-04-25 10:42:35,716 - INFO - ============================================================
2026-04-25 10:42:35,716 - INFO - SUMMARY - Request 2
2026-04-25 10:42:35,716 - INFO - ============================================================
2026-04-25 10:42:35,716 - INFO -   Entidade: UNIDADES DE PRONTO ATENDIMENTO PRAIA DE SUÀ
2026-04-25 10:42:35,716 - INFO -   Nº SC: CTS86.2026.ABR.00211
2026-04-25 10:42:35,716 - INFO -   Título: CONTRATAÇÃO DE EMPRESA PARA FORNECIMENTO, ADMINIST...
2026-04-25 10:42:35,716 - INFO -   Fields filled: 38/38
2026-04-25 10:42:35,716 - INFO -   Situação: SOLICITAÇÃO NOVA
2026-04-25 10:42:35,716 - INFO -   Items: 1
2026-04-25 10:42:35,716 - INFO -   Histórico entries: 1
2026-04-25 10:42:35,716 - INFO - Inserting new data into spreadsheet...
2026-04-25 10:42:36,475 - INFO - Data inserted into spreadsheet at row 52
2026-04-25 10:42:36,475 - INFO - Inserted data successfully!
2026-04-25 10:42:36,475 - INFO - Closing popup...
2026-04-25 10:42:37,558 - INFO - Returned to main window
2026-04-25 10:42:38,563 - INFO - [NEW] New request inserted! (Total new: 2)
2026-04-25 10:42:39,564 - INFO - 
>>> Attempting to process item 3 (Page 1) <<<
2026-04-25 10:42:39,564 - INFO - ################################################################################
2026-04-25 10:42:39,564 - INFO - PROCESSING REQUEST 3 (table row 4)
2026-04-25 10:42:39,564 - INFO - ################################################################################
2026-04-25 10:42:39,564 - INFO - Extracting listing fields (item 2)...
2026-04-25 10:42:39,592 - INFO - Clicking link to open details...
2026-04-25 10:42:39,812 - INFO - Waiting for new window to open...
2026-04-25 10:42:41,816 - INFO - Switched to popup window
2026-04-25 10:42:43,831 - INFO - Page loaded successfully!
2026-04-25 10:42:43,831 - INFO - ============================================================
2026-04-25 10:42:43,831 - INFO - EXTRACTING REQUEST DATA
2026-04-25 10:42:43,831 - INFO - ============================================================
2026-04-25 10:42:43,831 - INFO - Extracting request fields...
2026-04-25 10:42:44,137 - INFO - ============================================================
2026-04-25 10:42:44,137 - INFO - EXTRACTING MODAL FIELDS
2026-04-25 10:42:44,137 - INFO - ============================================================
2026-04-25 10:42:44,137 - INFO - Extracting: OBJETO DO CONTRATO
2026-04-25 10:42:46,325 - INFO -   OK: Contratação de empresa especializada para fornecimento e ges...
2026-04-25 10:42:46,325 - INFO - Extracting: ESPECIFICAÇÃO TÉCNICA
2026-04-25 10:42:48,503 - INFO -   OK: ESPECIFICAÇÃO TÉCNICA Especificidades da contratação: Presta...
2026-04-25 10:42:48,503 - INFO - Extracting: QUALIFICAÇÃO TÉCNICA
2026-04-25 10:42:50,693 - INFO -   OK: Não se aplica.
2026-04-25 10:42:50,693 - INFO - Extracting: GLOSAS
2026-04-25 10:42:52,855 - INFO -   OK: Não se aplica.
2026-04-25 10:42:52,855 - INFO - Extracting: SLA (ACORDO DE NÍVEL DE SERVIÇO)
2026-04-25 10:42:55,025 - INFO -   OK: Não se aplica.
2026-04-25 10:42:55,025 - INFO - Modal fields filled: 5/5
2026-04-25 10:42:55,025 - INFO - ============================================================
2026-04-25 10:42:55,025 - INFO - EXTRACTING TABLE ITEMS
2026-04-25 10:42:55,025 - INFO - ============================================================
2026-04-25 10:42:55,025 - INFO - Page 1:
2026-04-25 10:42:55,059 - INFO -   Found 1 items on this page
2026-04-25 10:42:55,059 - INFO -   No more pages (Next button not found)
2026-04-25 10:42:55,059 - INFO - ============================================================
2026-04-25 10:42:55,059 - INFO - Total items extracted: 1 (in 1 page(s))
2026-04-25 10:42:55,059 - INFO - Extracting Históricos Observação de Revisões...
2026-04-25 10:42:55,081 - INFO -   Found 1 histórico entries
2026-04-25 10:42:55,081 - INFO - New process CTS85.2026.ABR.00180, setting Situação to 'SOLICITAÇÃO NOVA'
2026-04-25 10:42:55,081 - INFO - ============================================================
2026-04-25 10:42:55,081 - INFO - SUMMARY - Request 3
2026-04-25 10:42:55,081 - INFO - ============================================================
2026-04-25 10:42:55,081 - INFO -   Entidade: UNIDADE DE PRONTO ATENDIMENTO DE SAO PEDRO
2026-04-25 10:42:55,081 - INFO -   Nº SC: CTS85.2026.ABR.00180
2026-04-25 10:42:55,081 - INFO -   Título: CONTRATAÇÃO DE EMPRESA PARA FORNECIMENTO, ADMINIST...
2026-04-25 10:42:55,081 - INFO -   Fields filled: 38/38
2026-04-25 10:42:55,081 - INFO -   Situação: SOLICITAÇÃO NOVA
2026-04-25 10:42:55,081 - INFO -   Items: 1
2026-04-25 10:42:55,081 - INFO -   Histórico entries: 1
2026-04-25 10:42:55,081 - INFO - Inserting new data into spreadsheet...
2026-04-25 10:42:55,906 - INFO - Data inserted into spreadsheet at row 53
2026-04-25 10:42:55,906 - INFO - Inserted data successfully!
2026-04-25 10:42:55,906 - INFO - Closing popup...
2026-04-25 10:42:56,965 - INFO - Returned to main window
2026-04-25 10:42:57,972 - INFO - [NEW] New request inserted! (Total new: 3)
2026-04-25 10:42:58,972 - INFO - 
>>> Attempting to process item 4 (Page 1) <<<
2026-04-25 10:42:58,973 - INFO - ################################################################################
2026-04-25 10:42:58,973 - INFO - PROCESSING REQUEST 4 (table row 5)
2026-04-25 10:42:58,973 - INFO - ################################################################################
2026-04-25 10:42:58,973 - INFO - Extracting listing fields (item 3)...
2026-04-25 10:42:59,008 - INFO - Clicking link to open details...
2026-04-25 10:42:59,240 - INFO - Waiting for new window to open...
2026-04-25 10:43:01,245 - INFO - Switched to popup window
2026-04-25 10:43:03,259 - INFO - Page loaded successfully!
2026-04-25 10:43:03,259 - INFO - ============================================================
2026-04-25 10:43:03,259 - INFO - EXTRACTING REQUEST DATA
2026-04-25 10:43:03,259 - INFO - ============================================================
2026-04-25 10:43:03,259 - INFO - Extracting request fields...
2026-04-25 10:43:03,597 - INFO - ============================================================
2026-04-25 10:43:03,597 - INFO - EXTRACTING MODAL FIELDS
2026-04-25 10:43:03,597 - INFO - ============================================================
2026-04-25 10:43:03,597 - INFO - Extracting: OBJETO DO CONTRATO
2026-04-25 10:43:05,770 - INFO -   OK: Contratação de empresa especializada para fornecimento e ges...
2026-04-25 10:43:05,770 - INFO - Extracting: ESPECIFICAÇÃO TÉCNICA
2026-04-25 10:43:07,947 - INFO -   OK: ESPECIFICAÇÃO TÉCNICA Especificidades da contratação: Presta...
2026-04-25 10:43:07,947 - INFO - Extracting: QUALIFICAÇÃO TÉCNICA
2026-04-25 10:43:10,111 - INFO -   OK: Não se aplica
2026-04-25 10:43:10,111 - INFO - Extracting: GLOSAS
2026-04-25 10:43:12,318 - INFO -   OK: Não se aplica
2026-04-25 10:43:12,318 - INFO - Extracting: SLA (ACORDO DE NÍVEL DE SERVIÇO)
2026-04-25 10:43:14,495 - INFO -   OK: Não se aplica
2026-04-25 10:43:14,495 - INFO - Modal fields filled: 5/5
2026-04-25 10:43:14,495 - INFO - ============================================================
2026-04-25 10:43:14,495 - INFO - EXTRACTING TABLE ITEMS
2026-04-25 10:43:14,495 - INFO - ============================================================
2026-04-25 10:43:14,495 - INFO - Page 1:
2026-04-25 10:43:14,525 - INFO -   Found 1 items on this page
2026-04-25 10:43:14,525 - INFO -   No more pages (Next button not found)
2026-04-25 10:43:14,525 - INFO - ============================================================
2026-04-25 10:43:14,525 - INFO - Total items extracted: 1 (in 1 page(s))
2026-04-25 10:43:14,525 - INFO - Extracting Históricos Observação de Revisões...
2026-04-25 10:43:14,540 - INFO -   Found 1 histórico entries
2026-04-25 10:43:14,540 - INFO - New process CTS86.2026.ABR.00210, setting Situação to 'SOLICITAÇÃO NOVA'
2026-04-25 10:43:14,540 - INFO - ============================================================
2026-04-25 10:43:14,540 - INFO - SUMMARY - Request 4
2026-04-25 10:43:14,540 - INFO - ============================================================
2026-04-25 10:43:14,540 - INFO -   Entidade: UNIDADES DE PRONTO ATENDIMENTO PRAIA DE SUÀ
2026-04-25 10:43:14,540 - INFO -   Nº SC: CTS86.2026.ABR.00210
2026-04-25 10:43:14,540 - INFO -   Título: CONTRATAÇÃO DE EMPRESA PARA FORNECIMENTO, ADMINIST...
2026-04-25 10:43:14,540 - INFO -   Fields filled: 38/38
2026-04-25 10:43:14,540 - INFO -   Situação: SOLICITAÇÃO NOVA
2026-04-25 10:43:14,540 - INFO -   Items: 1
2026-04-25 10:43:14,543 - INFO -   Histórico entries: 1
2026-04-25 10:43:14,543 - INFO - Inserting new data into spreadsheet...
2026-04-25 10:43:15,371 - INFO - Data inserted into spreadsheet at row 54
2026-04-25 10:43:15,371 - INFO - Inserted data successfully!
2026-04-25 10:43:15,371 - INFO - Closing popup...
2026-04-25 10:43:16,428 - INFO - Returned to main window
2026-04-25 10:43:17,430 - INFO - [NEW] New request inserted! (Total new: 4)
2026-04-25 10:43:18,431 - INFO - 
>>> Attempting to process item 5 (Page 1) <<<
2026-04-25 10:43:18,431 - INFO - ################################################################################
2026-04-25 10:43:18,431 - INFO - PROCESSING REQUEST 5 (table row 6)
2026-04-25 10:43:18,431 - INFO - ################################################################################
2026-04-25 10:43:18,436 - INFO - Extracting listing fields (item 4)...
2026-04-25 10:43:18,457 - INFO - Clicking link to open details...
2026-04-25 10:43:18,687 - INFO - Waiting for new window to open...
2026-04-25 10:43:20,689 - INFO - Switched to popup window
2026-04-25 10:43:22,697 - INFO - Page loaded successfully!
2026-04-25 10:43:22,697 - INFO - ============================================================
2026-04-25 10:43:22,697 - INFO - EXTRACTING REQUEST DATA
2026-04-25 10:43:22,697 - INFO - ============================================================
2026-04-25 10:43:22,697 - INFO - Extracting request fields...
2026-04-25 10:43:23,005 - INFO - ============================================================
2026-04-25 10:43:23,005 - INFO - EXTRACTING MODAL FIELDS
2026-04-25 10:43:23,005 - INFO - ============================================================
2026-04-25 10:43:23,005 - INFO - Extracting: OBJETO DO CONTRATO
2026-04-25 10:43:55,574 - INFO -   OK: Trata-se de contratação de empresa para prestação de serviço...
2026-04-25 10:43:55,574 - INFO - Extracting: ESPECIFICAÇÃO TÉCNICA
2026-04-25 10:43:58,064 - INFO -   OK: Objeto Trata-se de contratação de empresa para prestação de ...
2026-04-25 10:43:58,064 - INFO - Extracting: QUALIFICAÇÃO TÉCNICA
2026-04-25 10:44:00,269 - INFO -   OK: 9.5.1. A título de qualificação técnico-operacional, as empr...
2026-04-25 10:44:00,269 - INFO - Extracting: GLOSAS
2026-04-25 10:44:02,447 - INFO -   OK: Não se aplica.
2026-04-25 10:44:02,447 - INFO - Extracting: SLA (ACORDO DE NÍVEL DE SERVIÇO)
2026-04-25 10:44:04,723 - INFO -   OK: ANEXO III ACORDO DE NÍVEL DE SERVIÇO – SLA 1. DISPOSIÇÕES GE...
2026-04-25 10:44:04,723 - INFO - Modal fields filled: 5/5
2026-04-25 10:44:04,723 - INFO - ============================================================
2026-04-25 10:44:04,723 - INFO - EXTRACTING TABLE ITEMS
2026-04-25 10:44:04,724 - INFO - ============================================================
2026-04-25 10:44:04,724 - INFO - Page 1:
2026-04-25 10:44:04,750 - INFO -   Found 1 items on this page
2026-04-25 10:44:04,750 - INFO -   No more pages (Next button not found)
2026-04-25 10:44:04,750 - INFO - ============================================================
2026-04-25 10:44:04,750 - INFO - Total items extracted: 1 (in 1 page(s))
2026-04-25 10:44:04,750 - INFO - Extracting Históricos Observação de Revisões...
2026-04-25 10:44:04,766 - INFO -   Found 1 histórico entries
2026-04-25 10:44:04,766 - INFO - New process CTS28.2026.ABR.02000, setting Situação to 'SOLICITAÇÃO NOVA'
2026-04-25 10:44:04,766 - INFO - ============================================================
2026-04-25 10:44:04,766 - INFO - SUMMARY - Request 5
2026-04-25 10:44:04,766 - INFO - ============================================================
2026-04-25 10:44:04,767 - INFO -   Entidade: COMPLEXO HOSPITALAR SUL
2026-04-25 10:44:04,767 - INFO -   Nº SC: CTS28.2026.ABR.02000
2026-04-25 10:44:04,767 - INFO -   Título: CONTRATAÇÃO DE EMPRESA PARA PRESTAÇÃO DE SERVIÇO D...
2026-04-25 10:44:04,767 - INFO -   Fields filled: 37/38
2026-04-25 10:44:04,767 - INFO -   Situação: SOLICITAÇÃO NOVA
2026-04-25 10:44:04,767 - INFO -   Items: 1
2026-04-25 10:44:04,768 - INFO -   Histórico entries: 1
2026-04-25 10:44:04,768 - INFO - Inserting new data into spreadsheet...
2026-04-25 10:44:04,768 - WARNING - Campo 'ESPECIFICAÇÃO TÉCNICA' excede 50.000 caracteres. Substituído por mensagem de aviso.
2026-04-25 10:44:04,768 - INFO - Campos truncados nesta solicitação: ESPECIFICAÇÃO TÉCNICA
2026-04-25 10:44:05,464 - INFO - Data inserted into spreadsheet at row 55
2026-04-25 10:44:05,464 - INFO - Inserted data successfully!
2026-04-25 10:44:05,464 - INFO - Closing popup...
2026-04-25 10:44:06,531 - INFO - Returned to main window
2026-04-25 10:44:07,535 - INFO - [NEW] New request inserted! (Total new: 5)
2026-04-25 10:44:08,536 - INFO - 
>>> Attempting to process item 6 (Page 1) <<<
2026-04-25 10:44:08,536 - INFO - ################################################################################
2026-04-25 10:44:08,536 - INFO - PROCESSING REQUEST 6 (table row 7)
2026-04-25 10:44:08,536 - INFO - ################################################################################
2026-04-25 10:44:08,547 - INFO - Extracting listing fields (item 5)...
2026-04-25 10:44:08,596 - INFO - Clicking link to open details...
2026-04-25 10:44:08,814 - INFO - Waiting for new window to open...
2026-04-25 10:44:10,819 - INFO - Switched to popup window
2026-04-25 10:44:12,838 - INFO - Page loaded successfully!
2026-04-25 10:44:12,838 - INFO - ============================================================
2026-04-25 10:44:12,838 - INFO - EXTRACTING REQUEST DATA
2026-04-25 10:44:12,838 - INFO - ============================================================
2026-04-25 10:44:12,838 - INFO - Extracting request fields...
2026-04-25 10:44:13,179 - INFO - ============================================================
2026-04-25 10:44:13,179 - INFO - EXTRACTING MODAL FIELDS
2026-04-25 10:44:13,179 - INFO - ============================================================
2026-04-25 10:44:13,179 - INFO - Extracting: OBJETO DO CONTRATO
2026-04-25 10:44:45,766 - INFO -   OK: Trata-se de contratação de empresa para prestação de serviço...
2026-04-25 10:44:45,766 - INFO - Extracting: ESPECIFICAÇÃO TÉCNICA
2026-04-25 10:44:48,241 - INFO -   OK: ESPECIFICAÇÃO TÉCNICA Objeto Trata-se de contratação de empr...
2026-04-25 10:44:48,241 - INFO - Extracting: QUALIFICAÇÃO TÉCNICA
2026-04-25 10:44:50,406 - INFO -   OK: 9.5.1. A título de qualificação técnico-operacional, as empr...
2026-04-25 10:44:50,406 - INFO - Extracting: GLOSAS
2026-04-25 10:44:52,591 - INFO -   OK: NÃO SE APLICA
2026-04-25 10:44:52,591 - INFO - Extracting: SLA (ACORDO DE NÍVEL DE SERVIÇO)
2026-04-25 10:44:54,849 - INFO -   OK: 1. DISPOSIÇÕES GERAIS 1.1. Fica estabelecido entre as partes...
2026-04-25 10:44:54,849 - INFO - Modal fields filled: 5/5
2026-04-25 10:44:54,849 - INFO - ============================================================
2026-04-25 10:44:54,849 - INFO - EXTRACTING TABLE ITEMS
2026-04-25 10:44:54,849 - INFO - ============================================================
2026-04-25 10:44:54,849 - INFO - Page 1:
2026-04-25 10:44:54,874 - INFO -   Found 1 items on this page
2026-04-25 10:44:54,874 - INFO -   No more pages (Next button not found)
2026-04-25 10:44:54,874 - INFO - ============================================================
2026-04-25 10:44:54,874 - INFO - Total items extracted: 1 (in 1 page(s))
2026-04-25 10:44:54,874 - INFO - Extracting Históricos Observação de Revisões...
2026-04-25 10:44:54,895 - INFO -   Found 1 histórico entries
2026-04-25 10:44:54,895 - INFO - New process CTS02.2026.ABR.00547, setting Situação to 'SOLICITAÇÃO NOVA'
2026-04-25 10:44:54,895 - INFO - ============================================================
2026-04-25 10:44:54,895 - INFO - SUMMARY - Request 6
2026-04-25 10:44:54,895 - INFO - ============================================================
2026-04-25 10:44:54,895 - INFO -   Entidade: POLICLÍNICA ESTADUAL BRASIL BRUNO DE BASTOS NETO REGIÃO RIO VERMELHO – GOIÁS
2026-04-25 10:44:54,896 - INFO -   Nº SC: CTS02.2026.ABR.00547
2026-04-25 10:44:54,896 - INFO -   Título: EMPRESA PARA PRESTAÇÃO DE SERVIÇO DE ENGENHARIA CL...
2026-04-25 10:44:54,896 - INFO -   Fields filled: 37/38
2026-04-25 10:44:54,896 - INFO -   Situação: SOLICITAÇÃO NOVA
2026-04-25 10:44:54,896 - INFO -   Items: 1
2026-04-25 10:44:54,897 - INFO -   Histórico entries: 1
2026-04-25 10:44:54,897 - INFO - Inserting new data into spreadsheet...
2026-04-25 10:44:54,897 - WARNING - Campo 'ESPECIFICAÇÃO TÉCNICA' excede 50.000 caracteres. Substituído por mensagem de aviso.
2026-04-25 10:44:54,897 - INFO - Campos truncados nesta solicitação: ESPECIFICAÇÃO TÉCNICA
2026-04-25 10:44:55,508 - INFO - Data inserted into spreadsheet at row 56
2026-04-25 10:44:55,524 - INFO - Inserted data successfully!
2026-04-25 10:44:55,524 - INFO - Closing popup...
2026-04-25 10:44:56,571 - INFO - Returned to main window
2026-04-25 10:44:57,574 - INFO - [NEW] New request inserted! (Total new: 6)
2026-04-25 10:44:58,575 - INFO - 
>>> Attempting to process item 7 (Page 1) <<<
2026-04-25 10:44:58,575 - INFO - ################################################################################
2026-04-25 10:44:58,575 - INFO - PROCESSING REQUEST 7 (table row 8)
2026-04-25 10:44:58,575 - INFO - ################################################################################
2026-04-25 10:44:58,575 - INFO - Extracting listing fields (item 6)...
2026-04-25 10:44:58,600 - INFO - Clicking link to open details...
2026-04-25 10:44:58,822 - INFO - Waiting for new window to open...
2026-04-25 10:45:00,829 - INFO - Switched to popup window
2026-04-25 10:45:02,835 - INFO - Page loaded successfully!
2026-04-25 10:45:02,835 - INFO - ============================================================
2026-04-25 10:45:02,835 - INFO - EXTRACTING REQUEST DATA
2026-04-25 10:45:02,835 - INFO - ============================================================
2026-04-25 10:45:02,835 - INFO - Extracting request fields...
2026-04-25 10:45:03,135 - INFO - ============================================================
2026-04-25 10:45:03,135 - INFO - EXTRACTING MODAL FIELDS
2026-04-25 10:45:03,135 - INFO - ============================================================
2026-04-25 10:45:03,135 - INFO - Extracting: OBJETO DO CONTRATO
2026-04-25 10:45:35,596 - INFO -   Empty/Not found
2026-04-25 10:45:35,596 - INFO - Extracting: ESPECIFICAÇÃO TÉCNICA
2026-04-25 10:45:37,771 - INFO -   OK: ESPECIFICIDADES DA CONTRATAÇÃO: 1.1. Conceitos Manutenção co...
2026-04-25 10:45:37,771 - INFO - Extracting: QUALIFICAÇÃO TÉCNICA
2026-04-25 10:45:39,946 - INFO -   OK: a) No mínimo 01 (um) atestado fornecido por pessoa jurídica ...
2026-04-25 10:45:39,946 - INFO - Extracting: GLOSAS
2026-04-25 10:45:42,135 - INFO -   OK: PADRÃO
2026-04-25 10:45:42,135 - INFO - Extracting: SLA (ACORDO DE NÍVEL DE SERVIÇO)
2026-04-25 10:45:44,335 - INFO -   OK: Personalizado para atender às necessidades específicas de um...
2026-04-25 10:45:44,335 - INFO - Modal fields filled: 4/5
2026-04-25 10:45:44,335 - INFO - ============================================================
2026-04-25 10:45:44,335 - INFO - EXTRACTING TABLE ITEMS
2026-04-25 10:45:44,335 - INFO - ============================================================
2026-04-25 10:45:44,335 - INFO - Page 1:
2026-04-25 10:45:44,361 - INFO -   Found 1 items on this page
2026-04-25 10:45:44,369 - INFO -   No more pages (Next button not found)
2026-04-25 10:45:44,369 - INFO - ============================================================
2026-04-25 10:45:44,369 - INFO - Total items extracted: 1 (in 1 page(s))
2026-04-25 10:45:44,369 - INFO - Extracting Históricos Observação de Revisões...
2026-04-25 10:45:44,371 - INFO -   Found 1 histórico entries
2026-04-25 10:45:44,371 - INFO - New process CTS12.2026.ABR.00084, setting Situação to 'SOLICITAÇÃO NOVA'
2026-04-25 10:45:44,371 - INFO - ============================================================
2026-04-25 10:45:44,371 - INFO - SUMMARY - Request 7
2026-04-25 10:45:44,371 - INFO - ============================================================
2026-04-25 10:45:44,371 - INFO -   Entidade: CLÍNICA TEIA UNIDADE III CAIC DR. AFRÂNIO SOARES
2026-04-25 10:45:44,371 - INFO -   Nº SC: CTS12.2026.ABR.00084
2026-04-25 10:45:44,371 - INFO -   Título: SERVIÇO DE LIMPEZA E MANUTENÇÃO DE AR CONDICIONADO
2026-04-25 10:45:44,371 - INFO -   Fields filled: 37/38
2026-04-25 10:45:44,383 - INFO -   Situação: SOLICITAÇÃO NOVA
2026-04-25 10:45:44,383 - INFO -   Items: 1
2026-04-25 10:45:44,383 - INFO -   Histórico entries: 1
2026-04-25 10:45:44,383 - INFO - Inserting new data into spreadsheet...
2026-04-25 10:45:45,268 - INFO - Data inserted into spreadsheet at row 57
2026-04-25 10:45:45,284 - INFO - Inserted data successfully!
2026-04-25 10:45:45,284 - INFO - Closing popup...
2026-04-25 10:45:46,325 - INFO - Returned to main window
2026-04-25 10:45:47,332 - INFO - [NEW] New request inserted! (Total new: 7)
2026-04-25 10:45:48,333 - INFO - 
>>> Attempting to process item 8 (Page 1) <<<
2026-04-25 10:45:48,334 - INFO - ################################################################################
2026-04-25 10:45:48,335 - INFO - PROCESSING REQUEST 8 (table row 9)
2026-04-25 10:45:48,335 - INFO - ################################################################################
2026-04-25 10:45:48,335 - INFO - Extracting listing fields (item 7)...
2026-04-25 10:45:48,368 - INFO - Process CTP04.2026.ABR.03561 exists in spreadsheet. Will open and check for updates...
2026-04-25 10:45:48,368 - INFO - Clicking link to open details...
2026-04-25 10:45:48,596 - INFO - Waiting for new window to open...
2026-04-25 10:45:50,600 - INFO - Switched to popup window
2026-04-25 10:45:52,613 - INFO - Page loaded successfully!
2026-04-25 10:45:52,613 - INFO - ============================================================
2026-04-25 10:45:52,613 - INFO - EXTRACTING REQUEST DATA
2026-04-25 10:45:52,613 - INFO - ============================================================
2026-04-25 10:45:52,613 - INFO - Extracting request fields...
2026-04-25 10:45:52,945 - INFO - ============================================================
2026-04-25 10:45:52,945 - INFO - EXTRACTING MODAL FIELDS
2026-04-25 10:45:52,945 - INFO - ============================================================
2026-04-25 10:45:52,945 - INFO - Extracting: OBJETO DO CONTRATO
2026-04-25 10:45:55,133 - INFO -   OK: Soros e Eletrólitos.
2026-04-25 10:45:55,133 - INFO - Extracting: ESPECIFICAÇÃO TÉCNICA
2026-04-25 10:45:57,337 - INFO -   OK: Trata-se da contratação de empresa para fornecimento contínu...
2026-04-25 10:45:57,337 - INFO - Extracting: QUALIFICAÇÃO TÉCNICA
2026-04-25 10:45:59,542 - INFO -   OK: A título de qualificação técnica, as empresas deverão aprese...
2026-04-25 10:45:59,542 - INFO - Extracting: GLOSAS
2026-04-25 10:46:01,764 - INFO -   OK: Não se aplica
2026-04-25 10:46:01,764 - INFO - Extracting: SLA (ACORDO DE NÍVEL DE SERVIÇO)
2026-04-25 10:46:03,928 - INFO -   OK: Não se aplica.
2026-04-25 10:46:03,928 - INFO - Modal fields filled: 5/5
2026-04-25 10:46:03,928 - INFO - ============================================================
2026-04-25 10:46:03,928 - INFO - EXTRACTING TABLE ITEMS
2026-04-25 10:46:03,928 - INFO - ============================================================
2026-04-25 10:46:03,928 - INFO - Page 1:
2026-04-25 10:46:04,051 - INFO -   Found 5 items on this page
2026-04-25 10:46:04,051 - INFO -   Navigating to next page...
2026-04-25 10:46:05,618 - INFO - Page 2:
2026-04-25 10:46:05,782 - INFO -   Found 5 items on this page
2026-04-25 10:46:05,785 - INFO -   Navigating to next page...
2026-04-25 10:46:07,353 - INFO - Page 3:
2026-04-25 10:46:07,465 - INFO -   Found 5 items on this page
2026-04-25 10:46:07,483 - INFO -   Navigating to next page...
2026-04-25 10:46:09,052 - INFO - Page 4:
2026-04-25 10:46:09,098 - INFO -   Found 2 items on this page
2026-04-25 10:46:09,107 - INFO -   No more pages (Next button not found)
2026-04-25 10:46:09,107 - INFO - ============================================================
2026-04-25 10:46:09,107 - INFO - Total items extracted: 17 (in 4 page(s))
2026-04-25 10:46:09,107 - INFO - Extracting Históricos Observação de Revisões...
2026-04-25 10:46:09,117 - INFO -   Found 1 histórico entries
2026-04-25 10:46:09,117 - INFO - Data changed for CTP04.2026.ABR.03561, setting Situação to 'ANÁLISE INICIADA'
2026-04-25 10:46:09,117 - INFO - ============================================================
2026-04-25 10:46:09,117 - INFO - SUMMARY - Request 8
2026-04-25 10:46:09,117 - INFO - ============================================================
2026-04-25 10:46:09,117 - INFO -   Entidade: CENTRO ESTADUAL DE REABILITAÇÃO E READAPTAÇÃO DR HENRIQUE SANTILLO
2026-04-25 10:46:09,118 - INFO -   Nº SC: CTP04.2026.ABR.03561
2026-04-25 10:46:09,118 - INFO -   Título: CONTRATAÇÃO DE EMPRESA PARA FORNECIMENTO CONTINUO ...
2026-04-25 10:46:09,118 - INFO -   Fields filled: 36/38
2026-04-25 10:46:09,118 - INFO -   Situação: ANÁLISE INICIADA
2026-04-25 10:46:09,118 - INFO -   Items: 17
2026-04-25 10:46:09,118 - INFO -   Histórico entries: 1
2026-04-25 10:46:09,118 - INFO - Updating existing data in spreadsheet...
2026-04-25 10:46:09,368 - INFO - Data updated in spreadsheet at row 48
2026-04-25 10:46:09,368 - INFO - Updated data successfully!
2026-04-25 10:46:09,368 - INFO - Closing popup...
2026-04-25 10:46:10,441 - INFO - Returned to main window
2026-04-25 10:46:11,448 - INFO - [UPDATED] Process CTP04.2026.ABR.03561 updated. (Total updated: 1)
2026-04-25 10:46:12,449 - INFO - 
>>> Attempting to process item 9 (Page 1) <<<
2026-04-25 10:46:12,449 - INFO - ################################################################################
2026-04-25 10:46:12,450 - INFO - PROCESSING REQUEST 9 (table row 10)
2026-04-25 10:46:12,450 - INFO - ################################################################################
2026-04-25 10:46:12,458 - INFO - Extracting listing fields (item 8)...
2026-04-25 10:46:12,485 - INFO - Process CTS28.2026.ABR.01976 exists in spreadsheet. Will open and check for updates...
2026-04-25 10:46:12,485 - INFO - Clicking link to open details...
2026-04-25 10:46:12,713 - INFO - Waiting for new window to open...
2026-04-25 10:46:14,718 - INFO - Switched to popup window
2026-04-25 10:46:16,724 - INFO - Page loaded successfully!
2026-04-25 10:46:16,724 - INFO - ============================================================
2026-04-25 10:46:16,724 - INFO - EXTRACTING REQUEST DATA
2026-04-25 10:46:16,724 - INFO - ============================================================
2026-04-25 10:46:16,724 - INFO - Extracting request fields...
2026-04-25 10:46:17,019 - INFO - ============================================================
2026-04-25 10:46:17,019 - INFO - EXTRACTING MODAL FIELDS
2026-04-25 10:46:17,019 - INFO - ============================================================
2026-04-25 10:46:17,019 - INFO - Extracting: OBJETO DO CONTRATO
2026-04-25 10:46:49,563 - INFO -   Empty/Not found
2026-04-25 10:46:49,563 - INFO - Extracting: ESPECIFICAÇÃO TÉCNICA
2026-04-25 10:46:51,728 - INFO -   OK: Locação de estrutura modular pré-fabricadas, acopladas, tipo...
2026-04-25 10:46:51,728 - INFO - Extracting: QUALIFICAÇÃO TÉCNICA
2026-04-25 10:46:53,917 - INFO -   OK: CONTRATADA deverá ser responsável pela aquisição e instalaçã...
2026-04-25 10:46:53,917 - INFO - Extracting: GLOSAS
2026-04-25 10:46:56,081 - INFO -   OK: S/N
2026-04-25 10:46:56,081 - INFO - Extracting: SLA (ACORDO DE NÍVEL DE SERVIÇO)
2026-04-25 10:46:58,258 - INFO -   OK: S/N
2026-04-25 10:46:58,258 - INFO - Modal fields filled: 4/5
2026-04-25 10:46:58,258 - INFO - ============================================================
2026-04-25 10:46:58,258 - INFO - EXTRACTING TABLE ITEMS
2026-04-25 10:46:58,258 - INFO - ============================================================
2026-04-25 10:46:58,258 - INFO - Page 1:
2026-04-25 10:46:58,281 - INFO -   Found 1 items on this page
2026-04-25 10:46:58,291 - INFO -   No more pages (Next button not found)
2026-04-25 10:46:58,292 - INFO - ============================================================
2026-04-25 10:46:58,292 - INFO - Total items extracted: 1 (in 1 page(s))
2026-04-25 10:46:58,292 - INFO - Extracting Históricos Observação de Revisões...
2026-04-25 10:46:58,302 - INFO -   Found 1 histórico entries
2026-04-25 10:46:58,302 - INFO - No changes detected for CTS28.2026.ABR.01976, keeping existing Situação
2026-04-25 10:46:58,302 - INFO - ============================================================
2026-04-25 10:46:58,302 - INFO - SUMMARY - Request 9
2026-04-25 10:46:58,302 - INFO - ============================================================
2026-04-25 10:46:58,303 - INFO -   Entidade: COMPLEXO HOSPITALAR SUL
2026-04-25 10:46:58,303 - INFO -   Nº SC: CTS28.2026.ABR.01976
2026-04-25 10:46:58,303 - INFO -   Título: CHS/ AM - CONTRATO DE EMPRESA ESPECIALIZADA EM SER...
2026-04-25 10:46:58,303 - INFO -   Fields filled: 36/38
2026-04-25 10:46:58,303 - INFO -   Situação: SOLICITAÇÃO NOVA
2026-04-25 10:46:58,303 - INFO -   Items: 1
2026-04-25 10:46:58,303 - INFO -   Histórico entries: 1
2026-04-25 10:46:58,303 - INFO - Updating existing data in spreadsheet...
2026-04-25 10:46:58,551 - INFO - Data updated in spreadsheet at row 49
2026-04-25 10:46:58,551 - INFO - Updated data successfully!
2026-04-25 10:46:58,551 - INFO - Closing popup...
2026-04-25 10:46:59,625 - INFO - Returned to main window
2026-04-25 10:47:00,627 - INFO - [UPDATED] Process CTS28.2026.ABR.01976 updated. (Total updated: 2)
2026-04-25 10:47:01,628 - INFO - 
>>> Attempting to process item 10 (Page 1) <<<
2026-04-25 10:47:01,628 - INFO - ################################################################################
2026-04-25 10:47:01,628 - INFO - PROCESSING REQUEST 10 (table row 11)
2026-04-25 10:47:01,628 - INFO - ################################################################################
2026-04-25 10:47:01,628 - INFO - Extracting listing fields (item 9)...
2026-04-25 10:47:01,692 - INFO - Clicking link to open details...
2026-04-25 10:47:01,923 - INFO - Waiting for new window to open...
2026-04-25 10:47:03,930 - INFO - Switched to popup window
2026-04-25 10:47:05,945 - INFO - Page loaded successfully!
2026-04-25 10:47:05,952 - INFO - ============================================================
2026-04-25 10:47:05,952 - INFO - EXTRACTING REQUEST DATA
2026-04-25 10:47:05,952 - INFO - ============================================================
2026-04-25 10:47:05,952 - INFO - Extracting request fields...
2026-04-25 10:47:06,252 - INFO - ============================================================
2026-04-25 10:47:06,268 - INFO - EXTRACTING MODAL FIELDS
2026-04-25 10:47:06,268 - INFO - ============================================================
2026-04-25 10:47:06,268 - INFO - Extracting: OBJETO DO CONTRATO
2026-04-25 10:47:38,718 - INFO -   Empty/Not found
2026-04-25 10:47:38,718 - INFO - Extracting: ESPECIFICAÇÃO TÉCNICA
2026-04-25 10:47:40,893 - INFO -   OK: DO ESCOPO DOS SERVIÇOS A CONTRATADA deverá prestar serviços ...
2026-04-25 10:47:40,893 - INFO - Extracting: QUALIFICAÇÃO TÉCNICA
2026-04-25 10:47:43,080 - INFO -   OK: Qualificação Técnica da Empresa A empresa deverá comprovar c...
2026-04-25 10:47:43,080 - INFO - Extracting: GLOSAS
2026-04-25 10:47:45,243 - INFO -   OK: NÃO SE APLICA.
2026-04-25 10:47:45,243 - INFO - Extracting: SLA (ACORDO DE NÍVEL DE SERVIÇO)
2026-04-25 10:47:47,400 - INFO -   OK: NÃO SE APLICA.
2026-04-25 10:47:47,400 - INFO - Modal fields filled: 4/5
2026-04-25 10:47:47,400 - INFO - ============================================================
2026-04-25 10:47:47,400 - INFO - EXTRACTING TABLE ITEMS
2026-04-25 10:47:47,400 - INFO - ============================================================
2026-04-25 10:47:47,400 - INFO - Page 1:
2026-04-25 10:47:47,432 - INFO -   Found 1 items on this page
2026-04-25 10:47:47,434 - INFO -   No more pages (Next button not found)
2026-04-25 10:47:47,435 - INFO - ============================================================
2026-04-25 10:47:47,435 - INFO - Total items extracted: 1 (in 1 page(s))
2026-04-25 10:47:47,435 - INFO - Extracting Históricos Observação de Revisões...
2026-04-25 10:47:47,449 - INFO -   Found 3 histórico entries
2026-04-25 10:47:47,449 - INFO - New process CTS88.2026.ABR.00659, setting Situação to 'SOLICITAÇÃO NOVA'
2026-04-25 10:47:47,449 - INFO - ============================================================
2026-04-25 10:47:47,449 - INFO - SUMMARY - Request 10
2026-04-25 10:47:47,449 - INFO - ============================================================
2026-04-25 10:47:47,449 - INFO -   Entidade: HOSPITAL E MATERNIDADE SANTANA DE PARNAIBA
2026-04-25 10:47:47,449 - INFO -   Nº SC: CTS88.2026.ABR.00659
2026-04-25 10:47:47,449 - INFO -   Título: PRESTAÇÃO DE SERVIÇO DE TRIAGEM AUDITIVA E DISGNÓS...
2026-04-25 10:47:47,449 - INFO -   Fields filled: 37/38
2026-04-25 10:47:47,449 - INFO -   Situação: SOLICITAÇÃO NOVA
2026-04-25 10:47:47,451 - INFO -   Items: 1
2026-04-25 10:47:47,451 - INFO -   Histórico entries: 3
2026-04-25 10:47:47,451 - INFO - Inserting new data into spreadsheet...
2026-04-25 10:47:48,152 - INFO - Data inserted into spreadsheet at row 58
2026-04-25 10:47:48,152 - INFO - Inserted data successfully!
2026-04-25 10:47:48,152 - INFO - Closing popup...
2026-04-25 10:47:49,211 - INFO - Returned to main window
2026-04-25 10:47:50,213 - INFO - [NEW] New request inserted! (Total new: 8)
2026-04-25 10:47:51,219 - INFO - Navigating to next listing page...
2026-04-25 10:47:55,822 - INFO - ********************************************************************************
2026-04-25 10:47:55,822 - INFO - LISTING PAGE 2
2026-04-25 10:47:55,822 - INFO - ********************************************************************************
2026-04-25 10:47:55,822 - INFO - Found approximately 4 items on this page
2026-04-25 10:47:55,822 - INFO - 
>>> Attempting to process item 1 (Page 2) <<<
2026-04-25 10:47:55,822 - INFO - ################################################################################
2026-04-25 10:47:55,822 - INFO - PROCESSING REQUEST 1 (table row 2)
2026-04-25 10:47:55,822 - INFO - ################################################################################
2026-04-25 10:47:55,835 - INFO - Extracting listing fields (item 0)...
2026-04-25 10:47:55,859 - INFO - Process CTS02.2026.ABR.00520 exists in spreadsheet. Will open and check for updates...
2026-04-25 10:47:55,860 - INFO - Clicking link to open details...
2026-04-25 10:47:56,081 - INFO - Waiting for new window to open...
2026-04-25 10:47:58,102 - INFO - Switched to popup window
2026-04-25 10:48:00,108 - INFO - Page loaded successfully!
2026-04-25 10:48:00,108 - INFO - ============================================================
2026-04-25 10:48:00,108 - INFO - EXTRACTING REQUEST DATA
2026-04-25 10:48:00,108 - INFO - ============================================================
2026-04-25 10:48:00,108 - INFO - Extracting request fields...
2026-04-25 10:48:00,450 - INFO - ============================================================
2026-04-25 10:48:00,450 - INFO - EXTRACTING MODAL FIELDS
2026-04-25 10:48:00,458 - INFO - ============================================================
2026-04-25 10:48:00,458 - INFO - Extracting: OBJETO DO CONTRATO
2026-04-25 10:48:02,664 - INFO -   OK: Trata-se de contratação de empresa para prestação de serviço...
2026-04-25 10:48:02,664 - INFO - Extracting: ESPECIFICAÇÃO TÉCNICA
2026-04-25 10:48:05,151 - INFO -   OK: ESPECIFICIDADES DA CONTRATAÇÃO 1. Trata-se da contratação de...
2026-04-25 10:48:05,151 - INFO - Extracting: QUALIFICAÇÃO TÉCNICA
2026-04-25 10:48:07,432 - INFO -   OK: QUALIFICAÇÃO TÉCNICA 6.1.1. A título de qualificação técnico...
2026-04-25 10:48:07,432 - INFO - Extracting: GLOSAS
2026-04-25 10:48:09,619 - INFO -   OK: GLOSAS O descumprimento dos parâmetros estabelecidos no Acor...
2026-04-25 10:48:09,619 - INFO - Extracting: SLA (ACORDO DE NÍVEL DE SERVIÇO)
2026-04-25 10:48:11,916 - INFO -   OK: 1. DISPOSIÇÕES GERAIS 1.1. Fica estabelecido entre as partes...
2026-04-25 10:48:11,916 - INFO - Modal fields filled: 5/5
2026-04-25 10:48:11,916 - INFO - ============================================================
2026-04-25 10:48:11,916 - INFO - EXTRACTING TABLE ITEMS
2026-04-25 10:48:11,916 - INFO - ============================================================
2026-04-25 10:48:11,916 - INFO - Page 1:
2026-04-25 10:48:11,946 - INFO -   Found 1 items on this page
2026-04-25 10:48:11,952 - INFO -   No more pages (Next button not found)
2026-04-25 10:48:11,952 - INFO - ============================================================
2026-04-25 10:48:11,952 - INFO - Total items extracted: 1 (in 1 page(s))
2026-04-25 10:48:11,952 - INFO - Extracting Históricos Observação de Revisões...
2026-04-25 10:48:11,961 - INFO -   Found 3 histórico entries
2026-04-25 10:48:11,961 - INFO - Data changed for CTS02.2026.ABR.00520, setting Situação to 'ANÁLISE INICIADA'
2026-04-25 10:48:11,965 - INFO - ============================================================
2026-04-25 10:48:11,965 - INFO - SUMMARY - Request 1
2026-04-25 10:48:11,965 - INFO - ============================================================
2026-04-25 10:48:11,965 - INFO -   Entidade: POLICLÍNICA ESTADUAL BRASIL BRUNO DE BASTOS NETO REGIÃO RIO VERMELHO – GOIÁS
2026-04-25 10:48:11,966 - INFO -   Nº SC: CTS02.2026.ABR.00520
2026-04-25 10:48:11,966 - INFO -   Título: PREST. SERV. DE ENGENHARIA CLINICA
2026-04-25 10:48:11,966 - INFO -   Fields filled: 37/38
2026-04-25 10:48:11,966 - INFO -   Situação: ANÁLISE INICIADA
2026-04-25 10:48:11,966 - INFO -   Items: 1
2026-04-25 10:48:11,967 - INFO -   Histórico entries: 3
2026-04-25 10:48:11,967 - INFO - Updating existing data in spreadsheet...
2026-04-25 10:48:11,968 - WARNING - Campo 'ESPECIFICAÇÃO TÉCNICA' excede 50.000 caracteres. Substituído por mensagem de aviso.
2026-04-25 10:48:11,968 - INFO - Campos truncados nesta solicitação: ESPECIFICAÇÃO TÉCNICA
2026-04-25 10:48:12,217 - INFO - Data updated in spreadsheet at row 39
2026-04-25 10:48:12,217 - INFO - Updated data successfully!
2026-04-25 10:48:12,217 - INFO - Closing popup...
2026-04-25 10:48:13,267 - INFO - Returned to main window
2026-04-25 10:48:14,270 - INFO - [UPDATED] Process CTS02.2026.ABR.00520 updated. (Total updated: 3)
2026-04-25 10:48:15,271 - INFO - 
>>> Attempting to process item 2 (Page 2) <<<
2026-04-25 10:48:15,271 - INFO - ################################################################################
2026-04-25 10:48:15,271 - INFO - PROCESSING REQUEST 2 (table row 3)
2026-04-25 10:48:15,271 - INFO - ################################################################################
2026-04-25 10:48:15,271 - INFO - Extracting listing fields (item 1)...
2026-04-25 10:48:15,314 - INFO - Process CTS03.2026.ABR.00535 exists in spreadsheet. Will open and check for updates...
2026-04-25 10:48:15,314 - INFO - Clicking link to open details...
2026-04-25 10:48:15,539 - INFO - Waiting for new window to open...
2026-04-25 10:48:17,540 - INFO - Switched to popup window
2026-04-25 10:48:19,545 - INFO - Page loaded successfully!
2026-04-25 10:48:19,545 - INFO - ============================================================
2026-04-25 10:48:19,545 - INFO - EXTRACTING REQUEST DATA
2026-04-25 10:48:19,545 - INFO - ============================================================
2026-04-25 10:48:19,545 - INFO - Extracting request fields...
2026-04-25 10:48:19,889 - INFO - ============================================================
2026-04-25 10:48:19,889 - INFO - EXTRACTING MODAL FIELDS
2026-04-25 10:48:19,889 - INFO - ============================================================
2026-04-25 10:48:19,889 - INFO - Extracting: OBJETO DO CONTRATO
2026-04-25 10:48:22,064 - INFO -   OK: Trata-se da contratação de empresa com especialistas na área...
2026-04-25 10:48:22,064 - INFO - Extracting: ESPECIFICAÇÃO TÉCNICA
2026-04-25 10:48:24,433 - INFO -   OK: Trata-se da contratação de empresa com especialistas para pr...
2026-04-25 10:48:24,433 - INFO - Extracting: QUALIFICAÇÃO TÉCNICA
2026-04-25 10:48:26,614 - INFO -   OK: A título de qualificação técnico-operacional, as empresas de...
2026-04-25 10:48:26,614 - INFO - Extracting: GLOSAS
2026-04-25 10:48:28,771 - INFO -   OK: N/A
2026-04-25 10:48:28,771 - INFO - Extracting: SLA (ACORDO DE NÍVEL DE SERVIÇO)
2026-04-25 10:48:31,025 - INFO -   OK: 1. DISPOSIÇÕES GERAIS: 1.1. . Fica estabelecido entre as par...
2026-04-25 10:48:31,025 - INFO - Modal fields filled: 5/5
2026-04-25 10:48:31,025 - INFO - ============================================================
2026-04-25 10:48:31,025 - INFO - EXTRACTING TABLE ITEMS
2026-04-25 10:48:31,025 - INFO - ============================================================
2026-04-25 10:48:31,025 - INFO - Page 1:
2026-04-25 10:48:31,130 - INFO -   Found 4 items on this page
2026-04-25 10:48:31,130 - INFO -   No more pages (Next button not found)
2026-04-25 10:48:31,130 - INFO - ============================================================
2026-04-25 10:48:31,130 - INFO - Total items extracted: 4 (in 1 page(s))
2026-04-25 10:48:31,130 - INFO - Extracting Históricos Observação de Revisões...
2026-04-25 10:48:31,146 - INFO -   Found 1 histórico entries
2026-04-25 10:48:31,146 - INFO - No changes detected for CTS03.2026.ABR.00535, keeping existing Situação
2026-04-25 10:48:31,146 - INFO - ============================================================
2026-04-25 10:48:31,146 - INFO - SUMMARY - Request 2
2026-04-25 10:48:31,146 - INFO - ============================================================
2026-04-25 10:48:31,146 - INFO -   Entidade: HOSPITAL ESTADUAL DE JATAÍ DR. SERAFIM DE CARVALHO
2026-04-25 10:48:31,146 - INFO -   Nº SC: CTS03.2026.ABR.00535
2026-04-25 10:48:31,146 - INFO -   Título: PRESTAÇÃO DE SERVIÇOS MÉDICOS EM ANESTESIOLOGIA
2026-04-25 10:48:31,147 - INFO -   Fields filled: 37/38
2026-04-25 10:48:31,147 - INFO -   Situação: SOLICITAÇÃO NOVA
2026-04-25 10:48:31,147 - INFO -   Items: 4
2026-04-25 10:48:31,147 - INFO -   Histórico entries: 1
2026-04-25 10:48:31,147 - INFO - Updating existing data in spreadsheet...
2026-04-25 10:48:31,482 - INFO - Data updated in spreadsheet at row 45
2026-04-25 10:48:31,482 - INFO - Updated data successfully!
2026-04-25 10:48:31,482 - INFO - Closing popup...
2026-04-25 10:48:32,537 - INFO - Returned to main window
2026-04-25 10:48:33,543 - INFO - [UPDATED] Process CTS03.2026.ABR.00535 updated. (Total updated: 4)
2026-04-25 10:48:34,544 - INFO - 
>>> Attempting to process item 3 (Page 2) <<<
2026-04-25 10:48:34,544 - INFO - ################################################################################
2026-04-25 10:48:34,545 - INFO - PROCESSING REQUEST 3 (table row 4)
2026-04-25 10:48:34,546 - INFO - ################################################################################
2026-04-25 10:48:34,556 - INFO - Extracting listing fields (item 2)...
2026-04-25 10:48:34,580 - INFO - Process CTS30.2026.ABR.00955 exists in spreadsheet. Will open and check for updates...
2026-04-25 10:48:34,580 - INFO - Clicking link to open details...
2026-04-25 10:48:34,805 - INFO - Waiting for new window to open...
2026-04-25 10:48:36,807 - INFO - Switched to popup window
2026-04-25 10:48:38,810 - INFO - Page loaded successfully!
2026-04-25 10:48:38,810 - INFO - ============================================================
2026-04-25 10:48:38,810 - INFO - EXTRACTING REQUEST DATA
2026-04-25 10:48:38,810 - INFO - ============================================================
2026-04-25 10:48:38,810 - INFO - Extracting request fields...
2026-04-25 10:48:39,123 - INFO - ============================================================
2026-04-25 10:48:39,123 - INFO - EXTRACTING MODAL FIELDS
2026-04-25 10:48:39,123 - INFO - ============================================================
2026-04-25 10:48:39,123 - INFO - Extracting: OBJETO DO CONTRATO
2026-04-25 10:49:11,677 - INFO -   Empty/Not found
2026-04-25 10:49:11,677 - INFO - Extracting: ESPECIFICAÇÃO TÉCNICA
2026-04-25 10:49:16,346 - INFO -   OK: Trata-se da contratação de empresa para prestação de serviço...
2026-04-25 10:49:16,346 - INFO - Extracting: QUALIFICAÇÃO TÉCNICA
2026-04-25 10:49:18,528 - INFO -   OK: 1.1.1. A título de qualificação técnica, as empresas deverão...
2026-04-25 10:49:18,528 - INFO - Extracting: GLOSAS
2026-04-25 10:49:20,727 - INFO -   OK: Aplica se SLA.
2026-04-25 10:49:20,727 - INFO - Extracting: SLA (ACORDO DE NÍVEL DE SERVIÇO)
2026-04-25 10:49:22,987 - INFO -   OK: 1. DISPOSIÇÕES GERAIS: 1.1. Fica estabelecido entre as parte...
2026-04-25 10:49:22,987 - INFO - Modal fields filled: 4/5
2026-04-25 10:49:22,987 - INFO - ============================================================
2026-04-25 10:49:22,987 - INFO - EXTRACTING TABLE ITEMS
2026-04-25 10:49:22,987 - INFO - ============================================================
2026-04-25 10:49:22,987 - INFO - Page 1:
2026-04-25 10:49:23,023 - INFO -   Found 1 items on this page
2026-04-25 10:49:23,023 - INFO -   No more pages (Next button not found)
2026-04-25 10:49:23,023 - INFO - ============================================================
2026-04-25 10:49:23,023 - INFO - Total items extracted: 1 (in 1 page(s))
2026-04-25 10:49:23,023 - INFO - Extracting Históricos Observação de Revisões...
2026-04-25 10:49:23,050 - INFO -   Found 3 histórico entries
2026-04-25 10:49:23,050 - INFO - Data changed for CTS30.2026.ABR.00955, setting Situação to 'ANÁLISE INICIADA'
2026-04-25 10:49:23,050 - INFO - ============================================================
2026-04-25 10:49:23,050 - INFO - SUMMARY - Request 3
2026-04-25 10:49:23,050 - INFO - ============================================================
2026-04-25 10:49:23,050 - INFO -   Entidade: HOSPITAL REGIONAL DE DOURADOS
2026-04-25 10:49:23,050 - INFO -   Nº SC: CTS30.2026.ABR.00955
2026-04-25 10:49:23,050 - INFO -   Título: CONTRATO DE EMPRESA PARA PRESTAÇÃO DE SERVIÇO DE M...
2026-04-25 10:49:23,050 - INFO -   Fields filled: 37/38
2026-04-25 10:49:23,050 - INFO -   Situação: ANÁLISE INICIADA
2026-04-25 10:49:23,050 - INFO -   Items: 1
2026-04-25 10:49:23,050 - INFO -   Histórico entries: 3
2026-04-25 10:49:23,056 - INFO - Updating existing data in spreadsheet...
2026-04-25 10:49:23,357 - INFO - Data updated in spreadsheet at row 46
2026-04-25 10:49:23,357 - INFO - Updated data successfully!
2026-04-25 10:49:23,357 - INFO - Closing popup...
2026-04-25 10:49:24,424 - INFO - Returned to main window
2026-04-25 10:49:25,427 - INFO - [UPDATED] Process CTS30.2026.ABR.00955 updated. (Total updated: 5)
2026-04-25 10:49:26,428 - INFO - 
>>> Attempting to process item 4 (Page 2) <<<
2026-04-25 10:49:26,428 - INFO - ################################################################################
2026-04-25 10:49:26,428 - INFO - PROCESSING REQUEST 4 (table row 5)
2026-04-25 10:49:26,428 - INFO - ################################################################################
2026-04-25 10:49:31,505 - WARNING - Item 4 not found on this page
2026-04-25 10:49:31,505 - ERROR - Error accessing item 4 (table row 5): Element not found at XPath: //*[@id="p1_cph1_SCs_GdSCs_GdSCs_Lkb_Sc_3"]
2026-04-25 10:49:31,505 - INFO - Item 4 not found. Checking if this is the last page...
2026-04-25 10:49:31,505 - INFO - Next button not found - last page reached
2026-04-25 10:49:31,505 - INFO - Confirmed: This is the last page and there are no more items.
2026-04-25 10:49:31,510 - INFO - Ending processing...
2026-04-25 10:49:31,510 - INFO - Processing completed - termination condition met!
2026-04-25 10:49:31,510 - INFO - ================================================================================
2026-04-25 10:49:31,510 - INFO - CHECKING FOR PROCESSES THAT LEFT SEGECON
2026-04-25 10:49:31,510 - INFO - ================================================================================
2026-04-25 10:49:31,510 - INFO - Found 44 processes that are no longer in ecompras
2026-04-25 10:49:31,512 - INFO - Marking CTS87.2026.MAR.00316 as 'SOLICITAÇÃO SAIU DA SEGECON'...
2026-04-25 10:49:31,953 - INFO - Process CTS87.2026.MAR.00316 marked as 'SOLICITAÇÃO SAIU DA SEGECON' at row 26
2026-04-25 10:49:31,953 - INFO - Marking CTS28.2026.MAR.01891 as 'SOLICITAÇÃO SAIU DA SEGECON'...
2026-04-25 10:49:32,396 - INFO - Process CTS28.2026.MAR.01891 marked as 'SOLICITAÇÃO SAIU DA SEGECON' at row 2
2026-04-25 10:49:32,396 - INFO - Marking CTS02.2026.ABR.00508 as 'SOLICITAÇÃO SAIU DA SEGECON'...
2026-04-25 10:49:32,829 - INFO - Process CTS02.2026.ABR.00508 marked as 'SOLICITAÇÃO SAIU DA SEGECON' at row 7
2026-04-25 10:49:32,829 - INFO - Marking CTS04.2026.ABR.03494 as 'SOLICITAÇÃO SAIU DA SEGECON'...
2026-04-25 10:49:33,256 - INFO - Process CTS04.2026.ABR.03494 marked as 'SOLICITAÇÃO SAIU DA SEGECON' at row 24
2026-04-25 10:49:33,256 - INFO - Marking CTS30.2026.ABR.01064 as 'SOLICITAÇÃO SAIU DA SEGECON'...
2026-04-25 10:49:33,714 - INFO - Process CTS30.2026.ABR.01064 marked as 'SOLICITAÇÃO SAIU DA SEGECON' at row 43
2026-04-25 10:49:33,714 - INFO - Marking CTS03.2026.JAN.00256 as 'SOLICITAÇÃO SAIU DA SEGECON'...
2026-04-25 10:49:34,157 - INFO - Process CTS03.2026.JAN.00256 marked as 'SOLICITAÇÃO SAIU DA SEGECON' at row 41
2026-04-25 10:49:34,157 - INFO - Marking CTP28.2026.FEV.01698 as 'SOLICITAÇÃO SAIU DA SEGECON'...
2026-04-25 10:49:34,600 - INFO - Process CTP28.2026.FEV.01698 marked as 'SOLICITAÇÃO SAIU DA SEGECON' at row 30
2026-04-25 10:49:34,600 - INFO - Marking CTS28.2026.ABR.01900 as 'SOLICITAÇÃO SAIU DA SEGECON'...
2026-04-25 10:49:35,049 - INFO - Process CTS28.2026.ABR.01900 marked as 'SOLICITAÇÃO SAIU DA SEGECON' at row 10
2026-04-25 10:49:35,049 - INFO - Marking CTP87.2026.FEV.00217 as 'SOLICITAÇÃO SAIU DA SEGECON'...
2026-04-25 10:49:35,475 - INFO - Process CTP87.2026.FEV.00217 marked as 'SOLICITAÇÃO SAIU DA SEGECON' at row 27
2026-04-25 10:49:35,491 - INFO - Marking CTS28.2026.ABR.01920 as 'SOLICITAÇÃO SAIU DA SEGECON'...
2026-04-25 10:49:35,917 - INFO - Process CTS28.2026.ABR.01920 marked as 'SOLICITAÇÃO SAIU DA SEGECON' at row 34
2026-04-25 10:49:35,917 - INFO - Marking CTPS28.2026.ABR.01935 as 'SOLICITAÇÃO SAIU DA SEGECON'...
2026-04-25 10:49:36,350 - INFO - Process CTPS28.2026.ABR.01935 marked as 'SOLICITAÇÃO SAIU DA SEGECON' at row 50
2026-04-25 10:49:36,350 - INFO - Marking CTS04.2026.MAR.03373 as 'SOLICITAÇÃO SAIU DA SEGECON'...
2026-04-25 10:49:36,905 - INFO - Process CTS04.2026.MAR.03373 marked as 'SOLICITAÇÃO SAIU DA SEGECON' at row 13
2026-04-25 10:49:36,905 - INFO - Marking CTS14.2026.JAN.00109 as 'SOLICITAÇÃO SAIU DA SEGECON'...
2026-04-25 10:49:38,155 - INFO - Process CTS14.2026.JAN.00109 marked as 'SOLICITAÇÃO SAIU DA SEGECON' at row 47
2026-04-25 10:49:38,155 - INFO - Marking CTS99.2026.MAR.01936 as 'SOLICITAÇÃO SAIU DA SEGECON'...
2026-04-25 10:49:38,577 - INFO - Process CTS99.2026.MAR.01936 marked as 'SOLICITAÇÃO SAIU DA SEGECON' at row 21
2026-04-25 10:49:38,577 - INFO - Marking CTS08.2026.FEV.02076 as 'SOLICITAÇÃO SAIU DA SEGECON'...
2026-04-25 10:49:39,020 - INFO - Process CTS08.2026.FEV.02076 marked as 'SOLICITAÇÃO SAIU DA SEGECON' at row 31
2026-04-25 10:49:39,020 - INFO - Marking CTS02.2025.SET.00198 as 'SOLICITAÇÃO SAIU DA SEGECON'...
2026-04-25 10:49:39,465 - INFO - Process CTS02.2025.SET.00198 marked as 'SOLICITAÇÃO SAIU DA SEGECON' at row 19
2026-04-25 10:49:39,465 - INFO - Marking CTS03.2026.FEV.00339 as 'SOLICITAÇÃO SAIU DA SEGECON'...
2026-04-25 10:49:39,895 - INFO - Process CTS03.2026.FEV.00339 marked as 'SOLICITAÇÃO SAIU DA SEGECON' at row 9
2026-04-25 10:49:39,895 - INFO - Marking CTS85.2026.ABR.00149 as 'SOLICITAÇÃO SAIU DA SEGECON'...
2026-04-25 10:49:40,341 - INFO - Process CTS85.2026.ABR.00149 marked as 'SOLICITAÇÃO SAIU DA SEGECON' at row 16
2026-04-25 10:49:40,341 - INFO - Marking CTS02.2026.FEV.00440 as 'SOLICITAÇÃO SAIU DA SEGECON'...
2026-04-25 10:49:40,782 - INFO - Process CTS02.2026.FEV.00440 marked as 'SOLICITAÇÃO SAIU DA SEGECON' at row 14
2026-04-25 10:49:40,782 - INFO - Marking CTS87.2026.MAR.00292 as 'SOLICITAÇÃO SAIU DA SEGECON'...
2026-04-25 10:49:41,235 - INFO - Process CTS87.2026.MAR.00292 marked as 'SOLICITAÇÃO SAIU DA SEGECON' at row 18
2026-04-25 10:49:41,235 - INFO - Marking CTP01.2026.ABR.03687 as 'SOLICITAÇÃO SAIU DA SEGECON'...
2026-04-25 10:49:41,667 - INFO - Process CTP01.2026.ABR.03687 marked as 'SOLICITAÇÃO SAIU DA SEGECON' at row 37
2026-04-25 10:49:41,667 - INFO - Marking CTS04.2026.FEV.03246 as 'SOLICITAÇÃO SAIU DA SEGECON'...
2026-04-25 10:49:42,110 - INFO - Process CTS04.2026.FEV.03246 marked as 'SOLICITAÇÃO SAIU DA SEGECON' at row 32
2026-04-25 10:49:42,110 - INFO - Marking CTP01.2026.ABR.03681 as 'SOLICITAÇÃO SAIU DA SEGECON'...
2026-04-25 10:49:42,553 - INFO - Process CTP01.2026.ABR.03681 marked as 'SOLICITAÇÃO SAIU DA SEGECON' at row 38
2026-04-25 10:49:42,553 - INFO - Marking CTS87.2026.MAR.00314 as 'SOLICITAÇÃO SAIU DA SEGECON'...
2026-04-25 10:49:42,982 - INFO - Process CTS87.2026.MAR.00314 marked as 'SOLICITAÇÃO SAIU DA SEGECON' at row 17
2026-04-25 10:49:42,982 - INFO - Marking CTS28.2026.MAR.01790 as 'SOLICITAÇÃO SAIU DA SEGECON'...
2026-04-25 10:49:43,429 - INFO - Process CTS28.2026.MAR.01790 marked as 'SOLICITAÇÃO SAIU DA SEGECON' at row 40
2026-04-25 10:49:43,429 - INFO - Marking CTS02.2026.ABR.00511 as 'SOLICITAÇÃO SAIU DA SEGECON'...
2026-04-25 10:49:43,872 - INFO - Process CTS02.2026.ABR.00511 marked as 'SOLICITAÇÃO SAIU DA SEGECON' at row 15
2026-04-25 10:49:43,872 - INFO - Marking CTS85.2026.MAR.00140 as 'SOLICITAÇÃO SAIU DA SEGECON'...
2026-04-25 10:49:44,314 - INFO - Process CTS85.2026.MAR.00140 marked as 'SOLICITAÇÃO SAIU DA SEGECON' at row 35
2026-04-25 10:49:44,314 - INFO - Marking CTS30.2026.FEV.00704 as 'SOLICITAÇÃO SAIU DA SEGECON'...
2026-04-25 10:49:44,757 - INFO - Process CTS30.2026.FEV.00704 marked as 'SOLICITAÇÃO SAIU DA SEGECON' at row 33
2026-04-25 10:49:44,757 - INFO - Marking CTS29.2026.FEV.02736 as 'SOLICITAÇÃO SAIU DA SEGECON'...
2026-04-25 10:49:45,208 - INFO - Process CTS29.2026.FEV.02736 marked as 'SOLICITAÇÃO SAIU DA SEGECON' at row 29
2026-04-25 10:49:45,208 - INFO - Marking CTS03.2026.MAR.00478 as 'SOLICITAÇÃO SAIU DA SEGECON'...
2026-04-25 10:49:45,672 - INFO - Process CTS03.2026.MAR.00478 marked as 'SOLICITAÇÃO SAIU DA SEGECON' at row 8
2026-04-25 10:49:45,672 - INFO - Marking CTS87.2026.ABR.00376 as 'SOLICITAÇÃO SAIU DA SEGECON'...
2026-04-25 10:49:46,111 - INFO - Process CTS87.2026.ABR.00376 marked as 'SOLICITAÇÃO SAIU DA SEGECON' at row 42
2026-04-25 10:49:46,111 - INFO - Marking CTS29.2026.MAR.02922 as 'SOLICITAÇÃO SAIU DA SEGECON'...
2026-04-25 10:49:46,552 - INFO - Process CTS29.2026.MAR.02922 marked as 'SOLICITAÇÃO SAIU DA SEGECON' at row 4
2026-04-25 10:49:46,552 - INFO - Marking CTP01.2026.MAR.03609 as 'SOLICITAÇÃO SAIU DA SEGECON'...
2026-04-25 10:49:47,011 - INFO - Process CTP01.2026.MAR.03609 marked as 'SOLICITAÇÃO SAIU DA SEGECON' at row 3
2026-04-25 10:49:47,011 - INFO - Marking CTP28.2026.ABR.01935 as 'SOLICITAÇÃO SAIU DA SEGECON'...
2026-04-25 10:49:47,470 - INFO - Process CTP28.2026.ABR.01935 marked as 'SOLICITAÇÃO SAIU DA SEGECON' at row 23
2026-04-25 10:49:47,470 - INFO - Marking CTS03.2026.FEV.00386 as 'SOLICITAÇÃO SAIU DA SEGECON'...
2026-04-25 10:49:47,654 - ERROR - Error marking process as left: {'code': 429, 'message': "Quota exceeded for quota metric 'Write requests' and limit 'Write requests per minute per user' of service 'sheets.googleapis.com' for consumer 'project_number:110493255608'.", 'status': 'RESOURCE_EXHAUSTED', 'details': [{'@type': 'type.googleapis.com/google.rpc.ErrorInfo', 'reason': 'RATE_LIMIT_EXCEEDED', 'domain': 'googleapis.com', 'metadata': {'quota_unit': '1/min/{project}/{user}', 'quota_limit': 'WriteRequestsPerMinutePerUser', 'consumer': 'projects/110493255608', 'quota_location': 'global', 'quota_limit_value': '60', 'service': 'sheets.googleapis.com', 'quota_metric': 'sheets.googleapis.com/write_requests'}}, {'@type': 'type.googleapis.com/google.rpc.Help', 'links': [{'description': 'Request a higher quota limit.', 'url': 'https://cloud.google.com/docs/quotas/help/request_increase'}]}]}
2026-04-25 10:49:47,654 - ERROR - Failed to mark CTS03.2026.FEV.00386 as left
2026-04-25 10:49:47,654 - INFO - Marking CTS99.2026.ABR.01956 as 'SOLICITAÇÃO SAIU DA SEGECON'...
2026-04-25 10:49:47,827 - ERROR - Error marking process as left: {'code': 429, 'message': "Quota exceeded for quota metric 'Write requests' and limit 'Write requests per minute per user' of service 'sheets.googleapis.com' for consumer 'project_number:110493255608'.", 'status': 'RESOURCE_EXHAUSTED', 'details': [{'@type': 'type.googleapis.com/google.rpc.ErrorInfo', 'reason': 'RATE_LIMIT_EXCEEDED', 'domain': 'googleapis.com', 'metadata': {'quota_unit': '1/min/{project}/{user}', 'quota_limit': 'WriteRequestsPerMinutePerUser', 'consumer': 'projects/110493255608', 'quota_location': 'global', 'quota_limit_value': '60', 'service': 'sheets.googleapis.com', 'quota_metric': 'sheets.googleapis.com/write_requests'}}, {'@type': 'type.googleapis.com/google.rpc.Help', 'links': [{'description': 'Request a higher quota limit.', 'url': 'https://cloud.google.com/docs/quotas/help/request_increase'}]}]}
2026-04-25 10:49:47,827 - ERROR - Failed to mark CTS99.2026.ABR.01956 as left
2026-04-25 10:49:47,827 - INFO - Marking CTS86.2026.MAR.00159 as 'SOLICITAÇÃO SAIU DA SEGECON'...
2026-04-25 10:49:47,992 - ERROR - Error marking process as left: {'code': 429, 'message': "Quota exceeded for quota metric 'Write requests' and limit 'Write requests per minute per user' of service 'sheets.googleapis.com' for consumer 'project_number:110493255608'.", 'status': 'RESOURCE_EXHAUSTED', 'details': [{'@type': 'type.googleapis.com/google.rpc.ErrorInfo', 'reason': 'RATE_LIMIT_EXCEEDED', 'domain': 'googleapis.com', 'metadata': {'quota_unit': '1/min/{project}/{user}', 'quota_limit': 'WriteRequestsPerMinutePerUser', 'consumer': 'projects/110493255608', 'quota_location': 'global', 'quota_limit_value': '60', 'service': 'sheets.googleapis.com', 'quota_metric': 'sheets.googleapis.com/write_requests'}}, {'@type': 'type.googleapis.com/google.rpc.Help', 'links': [{'description': 'Request a higher quota limit.', 'url': 'https://cloud.google.com/docs/quotas/help/request_increase'}]}]}
2026-04-25 10:49:47,992 - ERROR - Failed to mark CTS86.2026.MAR.00159 as left
2026-04-25 10:49:47,992 - INFO - Marking CTS85.2026.ABR.00161 as 'SOLICITAÇÃO SAIU DA SEGECON'...
2026-04-25 10:49:48,156 - ERROR - Error marking process as left: {'code': 429, 'message': "Quota exceeded for quota metric 'Write requests' and limit 'Write requests per minute per user' of service 'sheets.googleapis.com' for consumer 'project_number:110493255608'.", 'status': 'RESOURCE_EXHAUSTED', 'details': [{'@type': 'type.googleapis.com/google.rpc.ErrorInfo', 'reason': 'RATE_LIMIT_EXCEEDED', 'domain': 'googleapis.com', 'metadata': {'quota_unit': '1/min/{project}/{user}', 'quota_limit': 'WriteRequestsPerMinutePerUser', 'consumer': 'projects/110493255608', 'quota_location': 'global', 'quota_limit_value': '60', 'service': 'sheets.googleapis.com', 'quota_metric': 'sheets.googleapis.com/write_requests'}}, {'@type': 'type.googleapis.com/google.rpc.Help', 'links': [{'description': 'Request a higher quota limit.', 'url': 'https://cloud.google.com/docs/quotas/help/request_increase'}]}]}
2026-04-25 10:49:48,156 - ERROR - Failed to mark CTS85.2026.ABR.00161 as left
2026-04-25 10:49:48,156 - INFO - Marking CTP01.2026.ABR.03655 as 'SOLICITAÇÃO SAIU DA SEGECON'...
2026-04-25 10:49:48,320 - ERROR - Error marking process as left: {'code': 429, 'message': "Quota exceeded for quota metric 'Write requests' and limit 'Write requests per minute per user' of service 'sheets.googleapis.com' for consumer 'project_number:110493255608'.", 'status': 'RESOURCE_EXHAUSTED', 'details': [{'@type': 'type.googleapis.com/google.rpc.ErrorInfo', 'reason': 'RATE_LIMIT_EXCEEDED', 'domain': 'googleapis.com', 'metadata': {'quota_unit': '1/min/{project}/{user}', 'quota_limit': 'WriteRequestsPerMinutePerUser', 'consumer': 'projects/110493255608', 'quota_location': 'global', 'quota_limit_value': '60', 'service': 'sheets.googleapis.com', 'quota_metric': 'sheets.googleapis.com/write_requests'}}, {'@type': 'type.googleapis.com/google.rpc.Help', 'links': [{'description': 'Request a higher quota limit.', 'url': 'https://cloud.google.com/docs/quotas/help/request_increase'}]}]}
2026-04-25 10:49:48,320 - ERROR - Failed to mark CTP01.2026.ABR.03655 as left
2026-04-25 10:49:48,320 - INFO - Marking CTP88.2026.ABR.00658 as 'SOLICITAÇÃO SAIU DA SEGECON'...
2026-04-25 10:49:48,493 - ERROR - Error marking process as left: {'code': 429, 'message': "Quota exceeded for quota metric 'Write requests' and limit 'Write requests per minute per user' of service 'sheets.googleapis.com' for consumer 'project_number:110493255608'.", 'status': 'RESOURCE_EXHAUSTED', 'details': [{'@type': 'type.googleapis.com/google.rpc.ErrorInfo', 'reason': 'RATE_LIMIT_EXCEEDED', 'domain': 'googleapis.com', 'metadata': {'quota_unit': '1/min/{project}/{user}', 'quota_limit': 'WriteRequestsPerMinutePerUser', 'consumer': 'projects/110493255608', 'quota_location': 'global', 'quota_limit_value': '60', 'service': 'sheets.googleapis.com', 'quota_metric': 'sheets.googleapis.com/write_requests'}}, {'@type': 'type.googleapis.com/google.rpc.Help', 'links': [{'description': 'Request a higher quota limit.', 'url': 'https://cloud.google.com/docs/quotas/help/request_increase'}]}]}
2026-04-25 10:49:48,493 - ERROR - Failed to mark CTP88.2026.ABR.00658 as left
2026-04-25 10:49:48,493 - INFO - Marking CTP03.2026.FEV.00382 as 'SOLICITAÇÃO SAIU DA SEGECON'...
2026-04-25 10:49:48,658 - ERROR - Error marking process as left: {'code': 429, 'message': "Quota exceeded for quota metric 'Write requests' and limit 'Write requests per minute per user' of service 'sheets.googleapis.com' for consumer 'project_number:110493255608'.", 'status': 'RESOURCE_EXHAUSTED', 'details': [{'@type': 'type.googleapis.com/google.rpc.ErrorInfo', 'reason': 'RATE_LIMIT_EXCEEDED', 'domain': 'googleapis.com', 'metadata': {'quota_unit': '1/min/{project}/{user}', 'quota_limit': 'WriteRequestsPerMinutePerUser', 'consumer': 'projects/110493255608', 'quota_location': 'global', 'quota_limit_value': '60', 'service': 'sheets.googleapis.com', 'quota_metric': 'sheets.googleapis.com/write_requests'}}, {'@type': 'type.googleapis.com/google.rpc.Help', 'links': [{'description': 'Request a higher quota limit.', 'url': 'https://cloud.google.com/docs/quotas/help/request_increase'}]}]}
2026-04-25 10:49:48,658 - ERROR - Failed to mark CTP03.2026.FEV.00382 as left
2026-04-25 10:49:48,658 - INFO - Marking CTS99.2026.MAR.01899 as 'SOLICITAÇÃO SAIU DA SEGECON'...
2026-04-25 10:49:48,831 - ERROR - Error marking process as left: {'code': 429, 'message': "Quota exceeded for quota metric 'Write requests' and limit 'Write requests per minute per user' of service 'sheets.googleapis.com' for consumer 'project_number:110493255608'.", 'status': 'RESOURCE_EXHAUSTED', 'details': [{'@type': 'type.googleapis.com/google.rpc.ErrorInfo', 'reason': 'RATE_LIMIT_EXCEEDED', 'domain': 'googleapis.com', 'metadata': {'quota_unit': '1/min/{project}/{user}', 'quota_limit': 'WriteRequestsPerMinutePerUser', 'consumer': 'projects/110493255608', 'quota_location': 'global', 'quota_limit_value': '60', 'service': 'sheets.googleapis.com', 'quota_metric': 'sheets.googleapis.com/write_requests'}}, {'@type': 'type.googleapis.com/google.rpc.Help', 'links': [{'description': 'Request a higher quota limit.', 'url': 'https://cloud.google.com/docs/quotas/help/request_increase'}]}]}
2026-04-25 10:49:48,831 - ERROR - Failed to mark CTS99.2026.MAR.01899 as left
2026-04-25 10:49:48,831 - INFO - Marking CTP29.2026.ABR.02944 as 'SOLICITAÇÃO SAIU DA SEGECON'...
2026-04-25 10:49:49,000 - ERROR - Error marking process as left: {'code': 429, 'message': "Quota exceeded for quota metric 'Write requests' and limit 'Write requests per minute per user' of service 'sheets.googleapis.com' for consumer 'project_number:110493255608'.", 'status': 'RESOURCE_EXHAUSTED', 'details': [{'@type': 'type.googleapis.com/google.rpc.ErrorInfo', 'reason': 'RATE_LIMIT_EXCEEDED', 'domain': 'googleapis.com', 'metadata': {'quota_unit': '1/min/{project}/{user}', 'quota_limit': 'WriteRequestsPerMinutePerUser', 'consumer': 'projects/110493255608', 'quota_location': 'global', 'quota_limit_value': '60', 'service': 'sheets.googleapis.com', 'quota_metric': 'sheets.googleapis.com/write_requests'}}, {'@type': 'type.googleapis.com/google.rpc.Help', 'links': [{'description': 'Request a higher quota limit.', 'url': 'https://cloud.google.com/docs/quotas/help/request_increase'}]}]}
2026-04-25 10:49:49,000 - ERROR - Failed to mark CTP29.2026.ABR.02944 as left
2026-04-25 10:49:49,000 - INFO - Marking CTS99.2026.MAR.01940 as 'SOLICITAÇÃO SAIU DA SEGECON'...
2026-04-25 10:49:49,200 - ERROR - Error marking process as left: {'code': 429, 'message': "Quota exceeded for quota metric 'Write requests' and limit 'Write requests per minute per user' of service 'sheets.googleapis.com' for consumer 'project_number:110493255608'.", 'status': 'RESOURCE_EXHAUSTED', 'details': [{'@type': 'type.googleapis.com/google.rpc.ErrorInfo', 'reason': 'RATE_LIMIT_EXCEEDED', 'domain': 'googleapis.com', 'metadata': {'quota_unit': '1/min/{project}/{user}', 'quota_limit': 'WriteRequestsPerMinutePerUser', 'consumer': 'projects/110493255608', 'quota_location': 'global', 'quota_limit_value': '60', 'service': 'sheets.googleapis.com', 'quota_metric': 'sheets.googleapis.com/write_requests'}}, {'@type': 'type.googleapis.com/google.rpc.Help', 'links': [{'description': 'Request a higher quota limit.', 'url': 'https://cloud.google.com/docs/quotas/help/request_increase'}]}]}
2026-04-25 10:49:49,200 - ERROR - Failed to mark CTS99.2026.MAR.01940 as left
2026-04-25 10:49:49,200 - INFO - ================================================================================
2026-04-25 10:49:49,200 - INFO - PROCESSAMENTO CONCLUÍDO!
2026-04-25 10:49:49,200 - INFO - ================================================================================
2026-04-25 10:49:49,200 - INFO - Total de solicitações processadas: 13
2026-04-25 10:49:49,200 - INFO - Solicitações novas inseridas: 8
2026-04-25 10:49:49,200 - INFO - Solicitações atualizadas: 5
2026-04-25 10:49:49,200 - INFO - Solicitações com erro: 0
2026-04-25 10:49:49,200 - INFO - Solicitações que saíram da SEGECON: 34
2026-04-25 10:49:49,200 - INFO - Páginas de listagem processadas: 2
2026-04-25 10:49:49,200 - INFO - Processos únicos no ecompras: 13
2026-04-25 10:49:49,200 - INFO - ================================================================================
2026-04-25 10:49:49,200 - INFO - 
2026-04-25 10:49:49,216 - INFO - ================================================================================
2026-04-25 10:49:49,216 - INFO - RELATÓRIO DETALHADO DE ERROS
2026-04-25 10:49:49,216 - INFO - ================================================================================
2026-04-25 10:49:49,216 - ERROR -   1. Página 2, Índice 3 (ID: p1_cph1_SCs_GdSCs_GdSCs_Lkb_Sc_3)
2026-04-25 10:49:49,216 - ERROR -      Nº SC: Desconhecido
2026-04-25 10:49:49,216 - ERROR -      Motivo: NOT_FOUND - Element not found on page
2026-04-25 10:49:49,216 - INFO - ================================================================================
2026-04-25 10:49:49,216 - INFO - 
2026-04-25 10:49:49,216 - INFO - ================================================================================
2026-04-25 10:49:49,216 - INFO - LISTA DE NOVAS SOLICITAÇÕES INSERIDAS
2026-04-25 10:49:49,216 - INFO - ================================================================================
2026-04-25 10:49:49,216 - INFO -   1. Página 1, Índice 0 - Nº SC: CTS85.2026.ABR.00181
2026-04-25 10:49:49,216 - INFO -   2. Página 1, Índice 1 - Nº SC: CTS86.2026.ABR.00211
2026-04-25 10:49:49,216 - INFO -   3. Página 1, Índice 2 - Nº SC: CTS85.2026.ABR.00180
2026-04-25 10:49:49,216 - INFO -   4. Página 1, Índice 3 - Nº SC: CTS86.2026.ABR.00210
2026-04-25 10:49:49,216 - INFO -   5. Página 1, Índice 4 - Nº SC: CTS28.2026.ABR.02000
2026-04-25 10:49:49,216 - INFO -   6. Página 1, Índice 5 - Nº SC: CTS02.2026.ABR.00547
2026-04-25 10:49:49,216 - INFO -   7. Página 1, Índice 6 - Nº SC: CTS12.2026.ABR.00084
2026-04-25 10:49:49,216 - INFO -   8. Página 1, Índice 9 - Nº SC: CTS88.2026.ABR.00659
2026-04-25 10:49:49,216 - INFO - ================================================================================
2026-04-25 10:49:49,216 - INFO - 
2026-04-25 10:49:49,218 - INFO - ================================================================================
2026-04-25 10:49:49,218 - INFO - LISTA DE SOLICITAÇÕES ATUALIZADAS
2026-04-25 10:49:49,218 - INFO - ================================================================================
2026-04-25 10:49:49,218 - INFO -   1. Página 1, Índice 7 - Nº SC: CTP04.2026.ABR.03561
2026-04-25 10:49:49,218 - INFO -   2. Página 1, Índice 8 - Nº SC: CTS28.2026.ABR.01976
2026-04-25 10:49:49,218 - INFO -   3. Página 2, Índice 0 - Nº SC: CTS02.2026.ABR.00520
2026-04-25 10:49:49,218 - INFO -   4. Página 2, Índice 1 - Nº SC: CTS03.2026.ABR.00535
2026-04-25 10:49:49,218 - INFO -   5. Página 2, Índice 2 - Nº SC: CTS30.2026.ABR.00955
2026-04-25 10:49:49,218 - INFO - ================================================================================
2026-04-25 10:49:49,218 - INFO - 
2026-04-25 10:49:49,218 - INFO - ================================================================================
2026-04-25 10:49:49,219 - INFO - LISTA DE SOLICITAÇÕES QUE SAÍRAM DA SEGECON
2026-04-25 10:49:49,219 - INFO - ================================================================================
2026-04-25 10:49:49,219 - INFO -   1. Nº SC: CTS87.2026.MAR.00316
2026-04-25 10:49:49,219 - INFO -   2. Nº SC: CTS28.2026.MAR.01891
2026-04-25 10:49:49,219 - INFO -   3. Nº SC: CTS02.2026.ABR.00508
2026-04-25 10:49:49,219 - INFO -   4. Nº SC: CTS04.2026.ABR.03494
2026-04-25 10:49:49,219 - INFO -   5. Nº SC: CTS30.2026.ABR.01064
2026-04-25 10:49:49,219 - INFO -   6. Nº SC: CTS03.2026.JAN.00256
2026-04-25 10:49:49,219 - INFO -   7. Nº SC: CTP28.2026.FEV.01698
2026-04-25 10:49:49,219 - INFO -   8. Nº SC: CTS28.2026.ABR.01900
2026-04-25 10:49:49,220 - INFO -   9. Nº SC: CTP87.2026.FEV.00217
2026-04-25 10:49:49,220 - INFO -   10. Nº SC: CTS28.2026.ABR.01920
2026-04-25 10:49:49,220 - INFO -   11. Nº SC: CTPS28.2026.ABR.01935
2026-04-25 10:49:49,220 - INFO -   12. Nº SC: CTS04.2026.MAR.03373
2026-04-25 10:49:49,220 - INFO -   13. Nº SC: CTS14.2026.JAN.00109
2026-04-25 10:49:49,220 - INFO -   14. Nº SC: CTS99.2026.MAR.01936
2026-04-25 10:49:49,220 - INFO -   15. Nº SC: CTS08.2026.FEV.02076
2026-04-25 10:49:49,220 - INFO -   16. Nº SC: CTS02.2025.SET.00198
2026-04-25 10:49:49,220 - INFO -   17. Nº SC: CTS03.2026.FEV.00339
2026-04-25 10:49:49,220 - INFO -   18. Nº SC: CTS85.2026.ABR.00149
2026-04-25 10:49:49,221 - INFO -   19. Nº SC: CTS02.2026.FEV.00440
2026-04-25 10:49:49,221 - INFO -   20. Nº SC: CTS87.2026.MAR.00292
2026-04-25 10:49:49,221 - INFO -   21. Nº SC: CTP01.2026.ABR.03687
2026-04-25 10:49:49,221 - INFO -   22. Nº SC: CTS04.2026.FEV.03246
2026-04-25 10:49:49,221 - INFO -   23. Nº SC: CTP01.2026.ABR.03681
2026-04-25 10:49:49,221 - INFO -   24. Nº SC: CTS87.2026.MAR.00314
2026-04-25 10:49:49,221 - INFO -   25. Nº SC: CTS28.2026.MAR.01790
2026-04-25 10:49:49,221 - INFO -   26. Nº SC: CTS02.2026.ABR.00511
2026-04-25 10:49:49,221 - INFO -   27. Nº SC: CTS85.2026.MAR.00140
2026-04-25 10:49:49,221 - INFO -   28. Nº SC: CTS30.2026.FEV.00704
2026-04-25 10:49:49,221 - INFO -   29. Nº SC: CTS29.2026.FEV.02736
2026-04-25 10:49:49,222 - INFO -   30. Nº SC: CTS03.2026.MAR.00478
2026-04-25 10:49:49,222 - INFO -   31. Nº SC: CTS87.2026.ABR.00376
2026-04-25 10:49:49,222 - INFO -   32. Nº SC: CTS29.2026.MAR.02922
2026-04-25 10:49:49,222 - INFO -   33. Nº SC: CTP01.2026.MAR.03609
2026-04-25 10:49:49,222 - INFO -   34. Nº SC: CTP28.2026.ABR.01935
2026-04-25 10:49:49,222 - INFO - ================================================================================
2026-04-25 10:49:50,537 - INFO - Mensagem enviada ao Telegram com sucesso (chat_id=6760564985)
2026-04-25 10:49:52,018 - INFO - Mensagem enviada ao Telegram com sucesso (chat_id=1356469598)
2026-04-25 10:49:53,534 - INFO - Mensagem enviada ao Telegram com sucesso (chat_id=8587977306)
2026-04-25 10:49:53,745 - INFO - Closing browser in 30 seconds (for verification)...
2026-04-25 10:50:27,087 - INFO - Browser closed
2026-05-06 13:24:27,867 - INFO - Initializing Web Scraper...
2026-05-06 13:24:43,605 - INFO - Google Sheets initialized successfully
2026-05-06 13:24:44,206 - INFO - Loaded 74 existing processes from spreadsheet
2026-05-06 13:24:44,221 - INFO - Initialization complete
2026-05-06 13:24:44,221 - INFO - Performing login...
2026-05-06 13:24:48,482 - INFO - Waiting for page to load...
2026-05-06 13:24:53,491 - INFO - Navigating to requests page...
2026-05-06 13:24:58,754 - INFO - Applying first filter...
2026-05-06 13:25:00,879 - INFO - Applying second filter...
2026-05-06 13:25:03,015 - INFO - Original window: 82e122c6-ff8c-4805-9636-9f52607d3aa6
2026-05-06 13:25:03,015 - INFO - Found 74 existing processes in spreadsheet before processing
2026-05-06 13:25:03,015 - INFO - ================================================================================
2026-05-06 13:25:03,015 - INFO - STARTING PROCESSING OF ALL REQUESTS
2026-05-06 13:25:03,015 - INFO - ================================================================================
2026-05-06 13:25:03,015 - INFO - ********************************************************************************
2026-05-06 13:25:03,015 - INFO - LISTING PAGE 1
2026-05-06 13:25:03,015 - INFO - ********************************************************************************
2026-05-06 13:25:03,055 - INFO - Found approximately 10 items on this page
2026-05-06 13:25:03,055 - INFO - 
>>> Attempting to process item 1 (Page 1) <<<
2026-05-06 13:25:03,055 - INFO - ################################################################################
2026-05-06 13:25:03,055 - INFO - PROCESSING REQUEST 1 (table row 2)
2026-05-06 13:25:03,055 - INFO - ################################################################################
2026-05-06 13:25:03,055 - INFO - Extracting listing fields (item 0)...
2026-05-06 13:25:03,122 - INFO - Clicking link to open details...
2026-05-06 13:25:03,574 - INFO - Waiting for new window to open...
2026-05-06 13:25:05,593 - INFO - Switched to popup window
2026-05-06 13:25:07,594 - INFO - Page loaded successfully!
2026-05-06 13:25:07,594 - INFO - ============================================================
2026-05-06 13:25:07,594 - INFO - EXTRACTING REQUEST DATA
2026-05-06 13:25:07,594 - INFO - ============================================================
2026-05-06 13:25:07,594 - INFO - Extracting request fields...
2026-05-06 13:25:08,320 - INFO - ============================================================
2026-05-06 13:25:08,320 - INFO - EXTRACTING MODAL FIELDS
2026-05-06 13:25:08,320 - INFO - ============================================================
2026-05-06 13:25:08,320 - INFO - Extracting: OBJETO DO CONTRATO
2026-05-06 13:25:40,635 - INFO -   Empty/Not found
2026-05-06 13:25:40,635 - INFO - Extracting: ESPECIFICAÇÃO TÉCNICA
2026-05-06 13:25:42,885 - INFO -   OK: 1. Trata-se da contratação de empresa para fornecimento cont...
2026-05-06 13:25:42,885 - INFO - Extracting: QUALIFICAÇÃO TÉCNICA
2026-05-06 13:25:45,088 - INFO -   OK: A título de qualificação técnica, as empresas deverão aprese...
2026-05-06 13:25:45,088 - INFO - Extracting: GLOSAS
2026-05-06 13:25:47,310 - INFO -   OK: Não se aplica.
2026-05-06 13:25:47,310 - INFO - Extracting: SLA (ACORDO DE NÍVEL DE SERVIÇO)
2026-05-06 13:25:49,529 - INFO -   OK: Não se aplica.
2026-05-06 13:25:49,529 - INFO - Modal fields filled: 4/5
2026-05-06 13:25:49,529 - INFO - ============================================================
2026-05-06 13:25:49,529 - INFO - EXTRACTING TABLE ITEMS
2026-05-06 13:25:49,529 - INFO - ============================================================
2026-05-06 13:25:49,529 - INFO - Page 1:
2026-05-06 13:25:49,729 - INFO -   Found 5 items on this page
2026-05-06 13:25:49,744 - INFO -   Navigating to next page...
2026-05-06 13:25:51,319 - INFO - Page 2:
2026-05-06 13:25:51,550 - INFO -   Found 5 items on this page
2026-05-06 13:25:51,550 - INFO -   Navigating to next page...
2026-05-06 13:25:53,132 - INFO - Page 3:
2026-05-06 13:25:53,359 - INFO -   Found 5 items on this page
2026-05-06 13:25:53,359 - INFO -   Navigating to next page...
2026-05-06 13:25:54,933 - INFO - Page 4:
2026-05-06 13:25:55,295 - INFO -   Found 5 items on this page
2026-05-06 13:25:55,295 - INFO -   Navigating to next page...
2026-05-06 13:25:56,883 - INFO - Page 5:
2026-05-06 13:25:57,105 - INFO -   Found 5 items on this page
2026-05-06 13:25:57,105 - INFO -   No more pages (Next button not found)
2026-05-06 13:25:57,105 - INFO - ============================================================
2026-05-06 13:25:57,105 - INFO - Total items extracted: 25 (in 5 page(s))
2026-05-06 13:25:57,105 - INFO - Extracting Históricos Observação de Revisões...
2026-05-06 13:25:57,131 - INFO -   Found 1 histórico entries
2026-05-06 13:25:57,131 - INFO - New process CTP01.2026.MAI.03843, setting Situação to 'SOLICITAÇÃO NOVA'
2026-05-06 13:25:57,131 - INFO - ============================================================
2026-05-06 13:25:57,131 - INFO - SUMMARY - Request 1
2026-05-06 13:25:57,131 - INFO - ============================================================
2026-05-06 13:25:57,131 - INFO -   Entidade: HOSPITAL ESTADUAL DE URGÊNCIAS GOVERNADOR OTÁVIO LAGE DE SIQUEIRA
2026-05-06 13:25:57,131 - INFO -   Nº SC: CTP01.2026.MAI.03843
2026-05-06 13:25:57,131 - INFO -   Título: CONTRATAÇÃO DE EMPRESA PARA FORNECIMENTO CONTINUO ...
2026-05-06 13:25:57,131 - INFO -   Fields filled: 35/38
2026-05-06 13:25:57,131 - INFO -   Situação: SOLICITAÇÃO NOVA
2026-05-06 13:25:57,131 - INFO -   Items: 25
2026-05-06 13:25:57,131 - INFO -   Histórico entries: 1
2026-05-06 13:25:57,131 - INFO - Inserting new data into spreadsheet...
2026-05-06 13:25:58,063 - INFO - Data inserted into spreadsheet at row 76
2026-05-06 13:25:58,063 - INFO - Inserted data successfully!
2026-05-06 13:25:58,063 - INFO - Closing popup...
2026-05-06 13:25:59,179 - INFO - Returned to main window
2026-05-06 13:26:00,181 - INFO - [NEW] New request inserted! (Total new: 1)
2026-05-06 13:26:01,182 - INFO - 
>>> Attempting to process item 2 (Page 1) <<<
2026-05-06 13:26:01,182 - INFO - ################################################################################
2026-05-06 13:26:01,182 - INFO - PROCESSING REQUEST 2 (table row 3)
2026-05-06 13:26:01,182 - INFO - ################################################################################
2026-05-06 13:26:01,197 - INFO - Extracting listing fields (item 1)...
2026-05-06 13:26:01,315 - INFO - Clicking link to open details...
2026-05-06 13:26:01,680 - INFO - Waiting for new window to open...
2026-05-06 13:26:03,685 - INFO - Switched to popup window
2026-05-06 13:26:05,702 - INFO - Page loaded successfully!
2026-05-06 13:26:05,702 - INFO - ============================================================
2026-05-06 13:26:05,702 - INFO - EXTRACTING REQUEST DATA
2026-05-06 13:26:05,702 - INFO - ============================================================
2026-05-06 13:26:05,702 - INFO - Extracting request fields...
2026-05-06 13:26:06,245 - INFO - ============================================================
2026-05-06 13:26:06,245 - INFO - EXTRACTING MODAL FIELDS
2026-05-06 13:26:06,245 - INFO - ============================================================
2026-05-06 13:26:06,245 - INFO - Extracting: OBJETO DO CONTRATO
2026-05-06 13:26:38,917 - INFO -   OK: Após manutenções corretivas que possam impactar nos parâmetr...
2026-05-06 13:26:38,917 - INFO - Extracting: ESPECIFICAÇÃO TÉCNICA
2026-05-06 13:26:41,272 - INFO -   OK: Locação de equipamentos, conforme descritivo técnico no Anex...
2026-05-06 13:26:41,272 - INFO - Extracting: QUALIFICAÇÃO TÉCNICA
2026-05-06 13:26:43,517 - INFO -   OK: Menor preço global
2026-05-06 13:26:43,517 - INFO - Extracting: GLOSAS
2026-05-06 13:26:45,766 - INFO -   OK: Caso o equipamento fique inoperante por tempo superior ao ac...
2026-05-06 13:26:45,766 - INFO - Extracting: SLA (ACORDO DE NÍVEL DE SERVIÇO)
2026-05-06 13:26:47,976 - INFO -   OK: Conforme Glosa
2026-05-06 13:26:47,976 - INFO - Modal fields filled: 5/5
2026-05-06 13:26:47,976 - INFO - ============================================================
2026-05-06 13:26:47,976 - INFO - EXTRACTING TABLE ITEMS
2026-05-06 13:26:47,976 - INFO - ============================================================
2026-05-06 13:26:47,976 - INFO - Page 1:
2026-05-06 13:26:48,216 - INFO -   Found 5 items on this page
2026-05-06 13:26:48,231 - INFO -   Navigating to next page...
2026-05-06 13:26:49,818 - INFO - Page 2:
2026-05-06 13:26:50,063 - INFO -   Found 5 items on this page
2026-05-06 13:26:50,076 - INFO -   Navigating to next page...
2026-05-06 13:26:51,644 - INFO - Page 3:
2026-05-06 13:26:51,822 - INFO -   Found 3 items on this page
2026-05-06 13:26:51,822 - INFO -   No more pages (Next button not found)
2026-05-06 13:26:51,822 - INFO - ============================================================
2026-05-06 13:26:51,830 - INFO - Total items extracted: 13 (in 3 page(s))
2026-05-06 13:26:51,830 - INFO - Extracting Históricos Observação de Revisões...
2026-05-06 13:26:51,880 - INFO -   Found 1 histórico entries
2026-05-06 13:26:51,880 - INFO - New process CTP30.2026.MAI.01152, setting Situação to 'SOLICITAÇÃO NOVA'
2026-05-06 13:26:51,880 - INFO - ============================================================
2026-05-06 13:26:51,880 - INFO - SUMMARY - Request 2
2026-05-06 13:26:51,880 - INFO - ============================================================
2026-05-06 13:26:51,880 - INFO -   Entidade: HOSPITAL REGIONAL DE DOURADOS
2026-05-06 13:26:51,880 - INFO -   Nº SC: CTP30.2026.MAI.01152
2026-05-06 13:26:51,880 - INFO -   Título: CONTRATO DE LOCAÇÃO EQUIPAMENTO MEDICO ASSISTENCIA...
2026-05-06 13:26:51,880 - INFO -   Fields filled: 37/38
2026-05-06 13:26:51,880 - INFO -   Situação: SOLICITAÇÃO NOVA
2026-05-06 13:26:51,880 - INFO -   Items: 13
2026-05-06 13:26:51,889 - INFO -   Histórico entries: 1
2026-05-06 13:26:51,889 - INFO - Inserting new data into spreadsheet...
2026-05-06 13:26:52,773 - INFO - Data inserted into spreadsheet at row 77
2026-05-06 13:26:52,773 - INFO - Inserted data successfully!
2026-05-06 13:26:52,773 - INFO - Closing popup...
2026-05-06 13:26:53,876 - INFO - Returned to main window
2026-05-06 13:26:54,882 - INFO - [NEW] New request inserted! (Total new: 2)
2026-05-06 13:26:55,884 - INFO - 
>>> Attempting to process item 3 (Page 1) <<<
2026-05-06 13:26:55,884 - INFO - ################################################################################
2026-05-06 13:26:55,884 - INFO - PROCESSING REQUEST 3 (table row 4)
2026-05-06 13:26:55,884 - INFO - ################################################################################
2026-05-06 13:26:55,893 - INFO - Extracting listing fields (item 2)...
2026-05-06 13:26:55,977 - INFO - Clicking link to open details...
2026-05-06 13:26:56,373 - INFO - Waiting for new window to open...
2026-05-06 13:26:58,377 - INFO - Switched to popup window
2026-05-06 13:27:00,384 - INFO - Page loaded successfully!
2026-05-06 13:27:00,384 - INFO - ============================================================
2026-05-06 13:27:00,384 - INFO - EXTRACTING REQUEST DATA
2026-05-06 13:27:00,384 - INFO - ============================================================
2026-05-06 13:27:00,384 - INFO - Extracting request fields...
2026-05-06 13:27:00,970 - INFO - ============================================================
2026-05-06 13:27:00,970 - INFO - EXTRACTING MODAL FIELDS
2026-05-06 13:27:00,970 - INFO - ============================================================
2026-05-06 13:27:00,970 - INFO - Extracting: OBJETO DO CONTRATO
2026-05-06 13:27:33,614 - INFO -   Empty/Not found
2026-05-06 13:27:33,614 - INFO - Extracting: ESPECIFICAÇÃO TÉCNICA
2026-05-06 13:27:35,849 - INFO -   OK: 1. Trata-se da contratação de empresa para fornecimento cont...
2026-05-06 13:27:35,849 - INFO - Extracting: QUALIFICAÇÃO TÉCNICA
2026-05-06 13:27:38,086 - INFO -   OK: A título de qualificação técnica, as empresas deverão aprese...
2026-05-06 13:27:38,086 - INFO - Extracting: GLOSAS
2026-05-06 13:27:40,271 - INFO -   OK: Não se aplica.
2026-05-06 13:27:40,271 - INFO - Extracting: SLA (ACORDO DE NÍVEL DE SERVIÇO)
2026-05-06 13:27:42,474 - INFO -   OK: Não se aplica.
2026-05-06 13:27:42,474 - INFO - Modal fields filled: 4/5
2026-05-06 13:27:42,474 - INFO - ============================================================
2026-05-06 13:27:42,474 - INFO - EXTRACTING TABLE ITEMS
2026-05-06 13:27:42,474 - INFO - ============================================================
2026-05-06 13:27:42,474 - INFO - Page 1:
2026-05-06 13:27:42,731 - INFO -   Found 5 items on this page
2026-05-06 13:27:42,747 - INFO -   Navigating to next page...
2026-05-06 13:27:44,319 - INFO - Page 2:
2026-05-06 13:27:44,599 - INFO -   Found 5 items on this page
2026-05-06 13:27:44,599 - INFO -   Navigating to next page...
2026-05-06 13:27:46,184 - INFO - Page 3:
2026-05-06 13:27:46,480 - INFO -   Found 5 items on this page
2026-05-06 13:27:46,480 - INFO -   Navigating to next page...
2026-05-06 13:27:48,060 - INFO - Page 4:
2026-05-06 13:27:48,248 - INFO -   Found 4 items on this page
2026-05-06 13:27:48,248 - INFO -   No more pages (Next button not found)
2026-05-06 13:27:48,248 - INFO - ============================================================
2026-05-06 13:27:48,248 - INFO - Total items extracted: 19 (in 4 page(s))
2026-05-06 13:27:48,248 - INFO - Extracting Históricos Observação de Revisões...
2026-05-06 13:27:48,267 - INFO -   Found 1 histórico entries
2026-05-06 13:27:48,267 - INFO - New process CTP03.2026.MAI.00555, setting Situação to 'SOLICITAÇÃO NOVA'
2026-05-06 13:27:48,267 - INFO - ============================================================
2026-05-06 13:27:48,267 - INFO - SUMMARY - Request 3
2026-05-06 13:27:48,267 - INFO - ============================================================
2026-05-06 13:27:48,267 - INFO -   Entidade: HOSPITAL ESTADUAL DE JATAÍ DR. SERAFIM DE CARVALHO
2026-05-06 13:27:48,267 - INFO -   Nº SC: CTP03.2026.MAI.00555
2026-05-06 13:27:48,267 - INFO -   Título: CONTRATAÇÃO DE EMPRESA PARA FORNECIMENTO CONTINUO ...
2026-05-06 13:27:48,267 - INFO -   Fields filled: 35/38
2026-05-06 13:27:48,267 - INFO -   Situação: SOLICITAÇÃO NOVA
2026-05-06 13:27:48,267 - INFO -   Items: 19
2026-05-06 13:27:48,267 - INFO -   Histórico entries: 1
2026-05-06 13:27:48,267 - INFO - Inserting new data into spreadsheet...
2026-05-06 13:27:49,166 - INFO - Data inserted into spreadsheet at row 78
2026-05-06 13:27:49,166 - INFO - Inserted data successfully!
2026-05-06 13:27:49,166 - INFO - Closing popup...
2026-05-06 13:27:50,283 - INFO - Returned to main window
2026-05-06 13:27:51,289 - INFO - [NEW] New request inserted! (Total new: 3)
2026-05-06 13:27:52,290 - INFO - 
>>> Attempting to process item 4 (Page 1) <<<
2026-05-06 13:27:52,290 - INFO - ################################################################################
2026-05-06 13:27:52,290 - INFO - PROCESSING REQUEST 4 (table row 5)
2026-05-06 13:27:52,290 - INFO - ################################################################################
2026-05-06 13:27:52,302 - INFO - Extracting listing fields (item 3)...
2026-05-06 13:27:52,386 - INFO - Clicking link to open details...
2026-05-06 13:27:52,775 - INFO - Waiting for new window to open...
2026-05-06 13:27:54,780 - INFO - Switched to popup window
2026-05-06 13:27:56,795 - INFO - Page loaded successfully!
2026-05-06 13:27:56,795 - INFO - ============================================================
2026-05-06 13:27:56,795 - INFO - EXTRACTING REQUEST DATA
2026-05-06 13:27:56,795 - INFO - ============================================================
2026-05-06 13:27:56,795 - INFO - Extracting request fields...
2026-05-06 13:27:57,315 - INFO - ============================================================
2026-05-06 13:27:57,315 - INFO - EXTRACTING MODAL FIELDS
2026-05-06 13:27:57,315 - INFO - ============================================================
2026-05-06 13:27:57,315 - INFO - Extracting: OBJETO DO CONTRATO
2026-05-06 13:27:59,537 - INFO -   OK: Contratação de empresa para locação de equipamentos médicos ...
2026-05-06 13:27:59,537 - INFO - Extracting: ESPECIFICAÇÃO TÉCNICA
2026-05-06 13:28:01,794 - INFO -   OK: Locação de equipamentos, conforme descritivo técnico no Anex...
2026-05-06 13:28:01,794 - INFO - Extracting: QUALIFICAÇÃO TÉCNICA
2026-05-06 13:28:04,051 - INFO -   OK: Menor preço global
2026-05-06 13:28:04,051 - INFO - Extracting: GLOSAS
2026-05-06 13:28:06,265 - INFO -   OK: Caso o equipamento fique inoperante por tempo superior ao ac...
2026-05-06 13:28:06,265 - INFO - Extracting: SLA (ACORDO DE NÍVEL DE SERVIÇO)
2026-05-06 13:28:08,469 - INFO -   OK: Conforme Glosa
2026-05-06 13:28:08,469 - INFO - Modal fields filled: 5/5
2026-05-06 13:28:08,469 - INFO - ============================================================
2026-05-06 13:28:08,469 - INFO - EXTRACTING TABLE ITEMS
2026-05-06 13:28:08,469 - INFO - ============================================================
2026-05-06 13:28:08,469 - INFO - Page 1:
2026-05-06 13:28:08,567 - INFO -   Found 2 items on this page
2026-05-06 13:28:08,567 - INFO -   No more pages (Next button not found)
2026-05-06 13:28:08,567 - INFO - ============================================================
2026-05-06 13:28:08,567 - INFO - Total items extracted: 2 (in 1 page(s))
2026-05-06 13:28:08,567 - INFO - Extracting Históricos Observação de Revisões...
2026-05-06 13:28:08,584 - INFO -   Found 1 histórico entries
2026-05-06 13:28:08,596 - INFO - New process CTP30.2026.MAI.01151, setting Situação to 'SOLICITAÇÃO NOVA'
2026-05-06 13:28:08,596 - INFO - ============================================================
2026-05-06 13:28:08,596 - INFO - SUMMARY - Request 4
2026-05-06 13:28:08,596 - INFO - ============================================================
2026-05-06 13:28:08,596 - INFO -   Entidade: HOSPITAL REGIONAL DE DOURADOS
2026-05-06 13:28:08,596 - INFO -   Nº SC: CTP30.2026.MAI.01151
2026-05-06 13:28:08,596 - INFO -   Título: CONTRATO DE LOCAÇÃO EQUIPAMENTO MEDICO ASSISTENCIA...
2026-05-06 13:28:08,596 - INFO -   Fields filled: 37/38
2026-05-06 13:28:08,596 - INFO -   Situação: SOLICITAÇÃO NOVA
2026-05-06 13:28:08,596 - INFO -   Items: 2
2026-05-06 13:28:08,596 - INFO -   Histórico entries: 1
2026-05-06 13:28:08,596 - INFO - Inserting new data into spreadsheet...
2026-05-06 13:28:09,346 - INFO - Data inserted into spreadsheet at row 79
2026-05-06 13:28:09,347 - INFO - Inserted data successfully!
2026-05-06 13:28:09,347 - INFO - Closing popup...
2026-05-06 13:28:10,456 - INFO - Returned to main window
2026-05-06 13:28:11,458 - INFO - [NEW] New request inserted! (Total new: 4)
2026-05-06 13:28:12,459 - INFO - 
>>> Attempting to process item 5 (Page 1) <<<
2026-05-06 13:28:12,459 - INFO - ################################################################################
2026-05-06 13:28:12,459 - INFO - PROCESSING REQUEST 5 (table row 6)
2026-05-06 13:28:12,459 - INFO - ################################################################################
2026-05-06 13:28:12,463 - INFO - Extracting listing fields (item 4)...
2026-05-06 13:28:12,589 - INFO - Clicking link to open details...
2026-05-06 13:28:13,002 - INFO - Waiting for new window to open...
2026-05-06 13:28:15,005 - INFO - Switched to popup window
2026-05-06 13:28:17,020 - INFO - Page loaded successfully!
2026-05-06 13:28:17,020 - INFO - ============================================================
2026-05-06 13:28:17,020 - INFO - EXTRACTING REQUEST DATA
2026-05-06 13:28:17,020 - INFO - ============================================================
2026-05-06 13:28:17,020 - INFO - Extracting request fields...
2026-05-06 13:28:17,557 - INFO - ============================================================
2026-05-06 13:28:17,557 - INFO - EXTRACTING MODAL FIELDS
2026-05-06 13:28:17,557 - INFO - ============================================================
2026-05-06 13:28:17,557 - INFO - Extracting: OBJETO DO CONTRATO
2026-05-06 13:28:50,244 - INFO -   Empty/Not found
2026-05-06 13:28:50,244 - INFO - Extracting: ESPECIFICAÇÃO TÉCNICA
2026-05-06 13:28:52,491 - INFO -   OK: 1. Trata-se da contratação de empresa para fornecimento cont...
2026-05-06 13:28:52,491 - INFO - Extracting: QUALIFICAÇÃO TÉCNICA
2026-05-06 13:28:54,701 - INFO -   OK: · A título de qualificação técnica, as empresas deverão apre...
2026-05-06 13:28:54,701 - INFO - Extracting: GLOSAS
2026-05-06 13:28:56,880 - INFO -   OK: Não se aplica.
2026-05-06 13:28:56,880 - INFO - Extracting: SLA (ACORDO DE NÍVEL DE SERVIÇO)
2026-05-06 13:28:59,078 - INFO -   OK: Não se aplica.
2026-05-06 13:28:59,078 - INFO - Modal fields filled: 4/5
2026-05-06 13:28:59,078 - INFO - ============================================================
2026-05-06 13:28:59,078 - INFO - EXTRACTING TABLE ITEMS
2026-05-06 13:28:59,078 - INFO - ============================================================
2026-05-06 13:28:59,078 - INFO - Page 1:
2026-05-06 13:28:59,330 - INFO -   Found 5 items on this page
2026-05-06 13:28:59,348 - INFO -   Navigating to next page...
2026-05-06 13:29:00,916 - INFO - Page 2:
2026-05-06 13:29:01,163 - INFO -   Found 5 items on this page
2026-05-06 13:29:01,180 - INFO -   Navigating to next page...
2026-05-06 13:29:02,767 - INFO - Page 3:
2026-05-06 13:29:02,989 - INFO -   Found 5 items on this page
2026-05-06 13:29:02,998 - INFO -   Navigating to next page...
2026-05-06 13:29:04,574 - INFO - Page 4:
2026-05-06 13:29:04,710 - INFO -   Found 2 items on this page
2026-05-06 13:29:04,710 - INFO -   No more pages (Next button not found)
2026-05-06 13:29:04,710 - INFO - ============================================================
2026-05-06 13:29:04,710 - INFO - Total items extracted: 17 (in 4 page(s))
2026-05-06 13:29:04,722 - INFO - Extracting Históricos Observação de Revisões...
2026-05-06 13:29:04,730 - INFO -   Found 1 histórico entries
2026-05-06 13:29:04,730 - INFO - New process CTP29.2026.MAI.03063, setting Situação to 'SOLICITAÇÃO NOVA'
2026-05-06 13:29:04,730 - INFO - ============================================================
2026-05-06 13:29:04,730 - INFO - SUMMARY - Request 5
2026-05-06 13:29:04,738 - INFO - ============================================================
2026-05-06 13:29:04,738 - INFO -   Entidade: HOSPITAL ESTADUAL DA CRIANÇA E DO ADOLESCENTE
2026-05-06 13:29:04,738 - INFO -   Nº SC: CTP29.2026.MAI.03063
2026-05-06 13:29:04,738 - INFO -   Título: CONTRATAÇÃO DE EMPRESA PARA FORNECIMENTO CONTINUO ...
2026-05-06 13:29:04,738 - INFO -   Fields filled: 35/38
2026-05-06 13:29:04,738 - INFO -   Situação: SOLICITAÇÃO NOVA
2026-05-06 13:29:04,738 - INFO -   Items: 17
2026-05-06 13:29:04,738 - INFO -   Histórico entries: 1
2026-05-06 13:29:04,738 - INFO - Inserting new data into spreadsheet...
2026-05-06 13:29:05,423 - INFO - Data inserted into spreadsheet at row 80
2026-05-06 13:29:05,438 - INFO - Inserted data successfully!
2026-05-06 13:29:05,439 - INFO - Closing popup...
2026-05-06 13:29:06,540 - INFO - Returned to main window
2026-05-06 13:29:07,547 - INFO - [NEW] New request inserted! (Total new: 5)
2026-05-06 13:29:08,555 - INFO - 
>>> Attempting to process item 6 (Page 1) <<<
2026-05-06 13:29:08,555 - INFO - ################################################################################
2026-05-06 13:29:08,556 - INFO - PROCESSING REQUEST 6 (table row 7)
2026-05-06 13:29:08,556 - INFO - ################################################################################
2026-05-06 13:29:08,556 - INFO - Extracting listing fields (item 5)...
2026-05-06 13:29:08,671 - INFO - Clicking link to open details...
2026-05-06 13:29:09,050 - INFO - Waiting for new window to open...
2026-05-06 13:29:11,069 - INFO - Switched to popup window
2026-05-06 13:29:13,073 - INFO - Page loaded successfully!
2026-05-06 13:29:13,073 - INFO - ============================================================
2026-05-06 13:29:13,073 - INFO - EXTRACTING REQUEST DATA
2026-05-06 13:29:13,073 - INFO - ============================================================
2026-05-06 13:29:13,073 - INFO - Extracting request fields...
2026-05-06 13:29:13,606 - INFO - ============================================================
2026-05-06 13:29:13,606 - INFO - EXTRACTING MODAL FIELDS
2026-05-06 13:29:13,606 - INFO - ============================================================
2026-05-06 13:29:13,606 - INFO - Extracting: OBJETO DO CONTRATO
2026-05-06 13:29:46,270 - INFO -   Empty/Not found
2026-05-06 13:29:46,270 - INFO - Extracting: ESPECIFICAÇÃO TÉCNICA
2026-05-06 13:29:48,502 - INFO -   OK: 1. Trata-se da contratação de empresa para fornecimento cont...
2026-05-06 13:29:48,502 - INFO - Extracting: QUALIFICAÇÃO TÉCNICA
2026-05-06 13:29:50,689 - INFO -   OK: A título de qualificação técnica, as empresas deverão aprese...
2026-05-06 13:29:50,689 - INFO - Extracting: GLOSAS
2026-05-06 13:29:52,896 - INFO -   OK: Não se aplica
2026-05-06 13:29:52,896 - INFO - Extracting: SLA (ACORDO DE NÍVEL DE SERVIÇO)
2026-05-06 13:29:55,122 - INFO -   OK: Não se aplica
2026-05-06 13:29:55,122 - INFO - Modal fields filled: 4/5
2026-05-06 13:29:55,122 - INFO - ============================================================
2026-05-06 13:29:55,122 - INFO - EXTRACTING TABLE ITEMS
2026-05-06 13:29:55,122 - INFO - ============================================================
2026-05-06 13:29:55,122 - INFO - Page 1:
2026-05-06 13:29:55,347 - INFO -   Found 5 items on this page
2026-05-06 13:29:55,357 - INFO -   Navigating to next page...
2026-05-06 13:29:56,936 - INFO - Page 2:
2026-05-06 13:29:56,984 - INFO -   Found 1 items on this page
2026-05-06 13:29:57,000 - INFO -   No more pages (Next button not found)
2026-05-06 13:29:57,000 - INFO - ============================================================
2026-05-06 13:29:57,000 - INFO - Total items extracted: 6 (in 2 page(s))
2026-05-06 13:29:57,000 - INFO - Extracting Históricos Observação de Revisões...
2026-05-06 13:29:57,011 - INFO -   Found 1 histórico entries
2026-05-06 13:29:57,019 - INFO - New process CTP08.2026.MAI.02289, setting Situação to 'SOLICITAÇÃO NOVA'
2026-05-06 13:29:57,019 - INFO - ============================================================
2026-05-06 13:29:57,019 - INFO - SUMMARY - Request 6
2026-05-06 13:29:57,019 - INFO - ============================================================
2026-05-06 13:29:57,019 - INFO -   Entidade: HOSPITAL ESTADUAL DE DERMATOLOGIA SANITÁRIA COLÔNIA SANTA MARTA
2026-05-06 13:29:57,019 - INFO -   Nº SC: CTP08.2026.MAI.02289
2026-05-06 13:29:57,019 - INFO -   Título: CONTRATAÇÃO DE EMPRESA PARA FORNECIMENTO CONTINUO ...
2026-05-06 13:29:57,019 - INFO -   Fields filled: 35/38
2026-05-06 13:29:57,019 - INFO -   Situação: SOLICITAÇÃO NOVA
2026-05-06 13:29:57,019 - INFO -   Items: 6
2026-05-06 13:29:57,019 - INFO -   Histórico entries: 1
2026-05-06 13:29:57,019 - INFO - Inserting new data into spreadsheet...
2026-05-06 13:29:58,317 - INFO - Data inserted into spreadsheet at row 81
2026-05-06 13:29:58,317 - INFO - Inserted data successfully!
2026-05-06 13:29:58,317 - INFO - Closing popup...
2026-05-06 13:29:59,411 - INFO - Returned to main window
2026-05-06 13:30:00,415 - INFO - [NEW] New request inserted! (Total new: 6)
2026-05-06 13:30:01,416 - INFO - 
>>> Attempting to process item 7 (Page 1) <<<
2026-05-06 13:30:01,417 - INFO - ################################################################################
2026-05-06 13:30:01,417 - INFO - PROCESSING REQUEST 7 (table row 8)
2026-05-06 13:30:01,417 - INFO - ################################################################################
2026-05-06 13:30:01,432 - INFO - Extracting listing fields (item 6)...
2026-05-06 13:30:01,524 - INFO - Clicking link to open details...
2026-05-06 13:30:01,873 - INFO - Waiting for new window to open...
2026-05-06 13:30:03,876 - INFO - Switched to popup window
2026-05-06 13:30:05,891 - INFO - Page loaded successfully!
2026-05-06 13:30:05,891 - INFO - ============================================================
2026-05-06 13:30:05,891 - INFO - EXTRACTING REQUEST DATA
2026-05-06 13:30:05,891 - INFO - ============================================================
2026-05-06 13:30:05,891 - INFO - Extracting request fields...
2026-05-06 13:30:06,532 - INFO - ============================================================
2026-05-06 13:30:06,532 - INFO - EXTRACTING MODAL FIELDS
2026-05-06 13:30:06,532 - INFO - ============================================================
2026-05-06 13:30:06,532 - INFO - Extracting: OBJETO DO CONTRATO
2026-05-06 13:30:39,241 - INFO -   Empty/Not found
2026-05-06 13:30:39,241 - INFO - Extracting: ESPECIFICAÇÃO TÉCNICA
2026-05-06 13:30:41,472 - INFO -   OK: ESCOPO DE MANUTENÇÃO IT MÉDICO Inspeção visual e Verificação...
2026-05-06 13:30:41,472 - INFO - Extracting: QUALIFICAÇÃO TÉCNICA
2026-05-06 13:30:43,690 - INFO -   OK: Qualificação Técnico-Operacional A empresa contratada deverá...
2026-05-06 13:30:43,690 - INFO - Extracting: GLOSAS
2026-05-06 13:30:45,929 - INFO -   OK: TABELA DOS DESCONTOS PONTUAÇÃO AJUSTE NO PAGAMENTO 2 a 4 Des...
2026-05-06 13:30:45,929 - INFO - Extracting: SLA (ACORDO DE NÍVEL DE SERVIÇO)
2026-05-06 13:30:48,146 - INFO -   OK: TABELA TIPO DE OCORRÊNCIA – ANÁLISE MENSAL NÍVEL 01 VALOR DA...
2026-05-06 13:30:48,146 - INFO - Modal fields filled: 4/5
2026-05-06 13:30:48,146 - INFO - ============================================================
2026-05-06 13:30:48,146 - INFO - EXTRACTING TABLE ITEMS
2026-05-06 13:30:48,146 - INFO - ============================================================
2026-05-06 13:30:48,146 - INFO - Page 1:
2026-05-06 13:30:48,203 - INFO -   Found 1 items on this page
2026-05-06 13:30:48,210 - INFO -   No more pages (Next button not found)
2026-05-06 13:30:48,210 - INFO - ============================================================
2026-05-06 13:30:48,210 - INFO - Total items extracted: 1 (in 1 page(s))
2026-05-06 13:30:48,210 - INFO - Extracting Históricos Observação de Revisões...
2026-05-06 13:30:48,229 - INFO -   Found 1 histórico entries
2026-05-06 13:30:48,229 - INFO - New process CTS88.2026.MAI.00708, setting Situação to 'SOLICITAÇÃO NOVA'
2026-05-06 13:30:48,230 - INFO - ============================================================
2026-05-06 13:30:48,230 - INFO - SUMMARY - Request 7
2026-05-06 13:30:48,230 - INFO - ============================================================
2026-05-06 13:30:48,230 - INFO -   Entidade: HOSPITAL E MATERNIDADE SANTANA DE PARNAIBA
2026-05-06 13:30:48,230 - INFO -   Nº SC: CTS88.2026.MAI.00708
2026-05-06 13:30:48,230 - INFO -   Título: CONTRATAÇÃO DE EMPRESA PARA MANUTENÇÃO CORRETIVA E...
2026-05-06 13:30:48,230 - INFO -   Fields filled: 36/38
2026-05-06 13:30:48,230 - INFO -   Situação: SOLICITAÇÃO NOVA
2026-05-06 13:30:48,230 - INFO -   Items: 1
2026-05-06 13:30:48,230 - INFO -   Histórico entries: 1
2026-05-06 13:30:48,230 - INFO - Inserting new data into spreadsheet...
2026-05-06 13:30:48,931 - INFO - Data inserted into spreadsheet at row 82
2026-05-06 13:30:48,931 - INFO - Inserted data successfully!
2026-05-06 13:30:48,931 - INFO - Closing popup...
2026-05-06 13:30:50,027 - INFO - Returned to main window
2026-05-06 13:30:51,029 - INFO - [NEW] New request inserted! (Total new: 7)
2026-05-06 13:30:52,030 - INFO - 
>>> Attempting to process item 8 (Page 1) <<<
2026-05-06 13:30:52,030 - INFO - ################################################################################
2026-05-06 13:30:52,030 - INFO - PROCESSING REQUEST 8 (table row 9)
2026-05-06 13:30:52,030 - INFO - ################################################################################
2026-05-06 13:30:52,043 - INFO - Extracting listing fields (item 7)...
2026-05-06 13:30:52,115 - INFO - Clicking link to open details...
2026-05-06 13:30:52,481 - INFO - Waiting for new window to open...
2026-05-06 13:30:54,484 - INFO - Switched to popup window
2026-05-06 13:30:56,500 - INFO - Page loaded successfully!
2026-05-06 13:30:56,500 - INFO - ============================================================
2026-05-06 13:30:56,500 - INFO - EXTRACTING REQUEST DATA
2026-05-06 13:30:56,500 - INFO - ============================================================
2026-05-06 13:30:56,500 - INFO - Extracting request fields...
2026-05-06 13:30:57,034 - INFO - ============================================================
2026-05-06 13:30:57,034 - INFO - EXTRACTING MODAL FIELDS
2026-05-06 13:30:57,034 - INFO - ============================================================
2026-05-06 13:30:57,034 - INFO - Extracting: OBJETO DO CONTRATO
2026-05-06 13:30:59,249 - INFO -   OK: Contratação de empresa especializada para prestação de servi...
2026-05-06 13:30:59,249 - INFO - Extracting: ESPECIFICAÇÃO TÉCNICA
2026-05-06 13:31:01,484 - INFO -   OK: 1. Objeto Contratação de empresa especializada para execução...
2026-05-06 13:31:01,484 - INFO - Extracting: QUALIFICAÇÃO TÉCNICA
2026-05-06 13:31:03,750 - INFO -   OK: 1. Qualificação Técnico-Operacional A empresa deverá comprov...
2026-05-06 13:31:03,750 - INFO - Extracting: GLOSAS
2026-05-06 13:31:05,951 - INFO -   OK: TABELA DOS DESCONTOS PONTUAÇÃO AJUSTE NO PAGAMENTO 2 a 4 Des...
2026-05-06 13:31:05,951 - INFO - Extracting: SLA (ACORDO DE NÍVEL DE SERVIÇO)
2026-05-06 13:31:08,186 - INFO -   OK: Não entrega de relatórios dentro de até 72 horas da conclusã...
2026-05-06 13:31:08,186 - INFO - Modal fields filled: 5/5
2026-05-06 13:31:08,186 - INFO - ============================================================
2026-05-06 13:31:08,186 - INFO - EXTRACTING TABLE ITEMS
2026-05-06 13:31:08,186 - INFO - ============================================================
2026-05-06 13:31:08,186 - INFO - Page 1:
2026-05-06 13:31:08,276 - INFO -   Found 1 items on this page
2026-05-06 13:31:08,290 - INFO -   No more pages (Next button not found)
2026-05-06 13:31:08,290 - INFO - ============================================================
2026-05-06 13:31:08,290 - INFO - Total items extracted: 1 (in 1 page(s))
2026-05-06 13:31:08,290 - INFO - Extracting Históricos Observação de Revisões...
2026-05-06 13:31:08,307 - INFO -   Found 1 histórico entries
2026-05-06 13:31:08,307 - INFO - New process CTS88.2026.MAI.00707, setting Situação to 'SOLICITAÇÃO NOVA'
2026-05-06 13:31:08,307 - INFO - ============================================================
2026-05-06 13:31:08,307 - INFO - SUMMARY - Request 8
2026-05-06 13:31:08,307 - INFO - ============================================================
2026-05-06 13:31:08,307 - INFO -   Entidade: HOSPITAL E MATERNIDADE SANTANA DE PARNAIBA
2026-05-06 13:31:08,307 - INFO -   Nº SC: CTS88.2026.MAI.00707
2026-05-06 13:31:08,307 - INFO -   Título: PREVENTIVA E CORRETIVA DE BOMBAS DE ÁGUA - HMSA
2026-05-06 13:31:08,307 - INFO -   Fields filled: 37/38
2026-05-06 13:31:08,307 - INFO -   Situação: SOLICITAÇÃO NOVA
2026-05-06 13:31:08,314 - INFO -   Items: 1
2026-05-06 13:31:08,314 - INFO -   Histórico entries: 1
2026-05-06 13:31:08,314 - INFO - Inserting new data into spreadsheet...
2026-05-06 13:31:09,091 - INFO - Data inserted into spreadsheet at row 83
2026-05-06 13:31:09,091 - INFO - Inserted data successfully!
2026-05-06 13:31:09,091 - INFO - Closing popup...
2026-05-06 13:31:10,213 - INFO - Returned to main window
2026-05-06 13:31:11,219 - INFO - [NEW] New request inserted! (Total new: 8)
2026-05-06 13:31:12,221 - INFO - 
>>> Attempting to process item 9 (Page 1) <<<
2026-05-06 13:31:12,221 - INFO - ################################################################################
2026-05-06 13:31:12,223 - INFO - PROCESSING REQUEST 9 (table row 10)
2026-05-06 13:31:12,223 - INFO - ################################################################################
2026-05-06 13:31:12,224 - INFO - Extracting listing fields (item 8)...
2026-05-06 13:31:12,306 - INFO - Clicking link to open details...
2026-05-06 13:31:12,670 - INFO - Waiting for new window to open...
2026-05-06 13:31:14,673 - INFO - Switched to popup window
2026-05-06 13:31:16,687 - INFO - Page loaded successfully!
2026-05-06 13:31:16,687 - INFO - ============================================================
2026-05-06 13:31:16,687 - INFO - EXTRACTING REQUEST DATA
2026-05-06 13:31:16,687 - INFO - ============================================================
2026-05-06 13:31:16,687 - INFO - Extracting request fields...
2026-05-06 13:31:17,196 - INFO - ============================================================
2026-05-06 13:31:17,196 - INFO - EXTRACTING MODAL FIELDS
2026-05-06 13:31:17,196 - INFO - ============================================================
2026-05-06 13:31:17,196 - INFO - Extracting: OBJETO DO CONTRATO
2026-05-06 13:31:49,885 - INFO -   Empty/Not found
2026-05-06 13:31:49,885 - INFO - Extracting: ESPECIFICAÇÃO TÉCNICA
2026-05-06 13:31:52,156 - INFO -   OK: 1. Trata-se da contratação de empresa para fornecimento cont...
2026-05-06 13:31:52,156 - INFO - Extracting: QUALIFICAÇÃO TÉCNICA
2026-05-06 13:31:54,417 - INFO -   OK: A título de qualificação técnica, as empresas deverão aprese...
2026-05-06 13:31:54,417 - INFO - Extracting: GLOSAS
2026-05-06 13:31:56,652 - INFO -   OK: Não se aplica
2026-05-06 13:31:56,652 - INFO - Extracting: SLA (ACORDO DE NÍVEL DE SERVIÇO)
2026-05-06 13:31:58,850 - INFO -   OK: Não se aplica
2026-05-06 13:31:58,850 - INFO - Modal fields filled: 4/5
2026-05-06 13:31:58,850 - INFO - ============================================================
2026-05-06 13:31:58,850 - INFO - EXTRACTING TABLE ITEMS
2026-05-06 13:31:58,850 - INFO - ============================================================
2026-05-06 13:31:58,860 - INFO - Page 1:
2026-05-06 13:31:59,191 - INFO -   Found 5 items on this page
2026-05-06 13:31:59,202 - INFO -   Navigating to next page...
2026-05-06 13:32:00,787 - INFO - Page 2:
2026-05-06 13:32:01,023 - INFO -   Found 5 items on this page
2026-05-06 13:32:01,039 - INFO -   Navigating to next page...
2026-05-06 13:32:02,611 - INFO - Page 3:
2026-05-06 13:32:02,832 - INFO -   Found 5 items on this page
2026-05-06 13:32:02,832 - INFO -   Navigating to next page...
2026-05-06 13:32:04,412 - INFO - Page 4:
2026-05-06 13:32:04,631 - INFO -   Found 5 items on this page
2026-05-06 13:32:04,631 - INFO -   Navigating to next page...
2026-05-06 13:32:06,201 - INFO - Page 5:
2026-05-06 13:32:06,373 - INFO -   Found 3 items on this page
2026-05-06 13:32:06,383 - INFO -   No more pages (Next button not found)
2026-05-06 13:32:06,383 - INFO - ============================================================
2026-05-06 13:32:06,383 - INFO - Total items extracted: 23 (in 5 page(s))
2026-05-06 13:32:06,383 - INFO - Extracting Históricos Observação de Revisões...
2026-05-06 13:32:06,401 - INFO -   Found 1 histórico entries
2026-05-06 13:32:06,401 - INFO - New process CTP28.2026.MAI.02033, setting Situação to 'SOLICITAÇÃO NOVA'
2026-05-06 13:32:06,401 - INFO - ============================================================
2026-05-06 13:32:06,401 - INFO - SUMMARY - Request 9
2026-05-06 13:32:06,401 - INFO - ============================================================
2026-05-06 13:32:06,401 - INFO -   Entidade: COMPLEXO HOSPITALAR SUL
2026-05-06 13:32:06,401 - INFO -   Nº SC: CTP28.2026.MAI.02033
2026-05-06 13:32:06,401 - INFO -   Título: CONTRATAÇÃO DE EMPRESA PARA FORNECIMENTO CONTINUO ...
2026-05-06 13:32:06,401 - INFO -   Fields filled: 35/38
2026-05-06 13:32:06,407 - INFO -   Situação: SOLICITAÇÃO NOVA
2026-05-06 13:32:06,407 - INFO -   Items: 23
2026-05-06 13:32:06,407 - INFO -   Histórico entries: 1
2026-05-06 13:32:06,407 - INFO - Inserting new data into spreadsheet...
2026-05-06 13:32:07,216 - INFO - Data inserted into spreadsheet at row 84
2026-05-06 13:32:07,216 - INFO - Inserted data successfully!
2026-05-06 13:32:07,216 - INFO - Closing popup...
2026-05-06 13:32:08,310 - INFO - Returned to main window
2026-05-06 13:32:09,315 - INFO - [NEW] New request inserted! (Total new: 9)
2026-05-06 13:32:10,316 - INFO - 
>>> Attempting to process item 10 (Page 1) <<<
2026-05-06 13:32:10,317 - INFO - ################################################################################
2026-05-06 13:32:10,317 - INFO - PROCESSING REQUEST 10 (table row 11)
2026-05-06 13:32:10,317 - INFO - ################################################################################
2026-05-06 13:32:10,317 - INFO - Extracting listing fields (item 9)...
2026-05-06 13:32:10,384 - INFO - Clicking link to open details...
2026-05-06 13:32:10,770 - INFO - Waiting for new window to open...
2026-05-06 13:32:12,789 - INFO - Switched to popup window
2026-05-06 13:32:14,802 - INFO - Page loaded successfully!
2026-05-06 13:32:14,802 - INFO - ============================================================
2026-05-06 13:32:14,802 - INFO - EXTRACTING REQUEST DATA
2026-05-06 13:32:14,802 - INFO - ============================================================
2026-05-06 13:32:14,802 - INFO - Extracting request fields...
2026-05-06 13:32:15,304 - INFO - ============================================================
2026-05-06 13:32:15,304 - INFO - EXTRACTING MODAL FIELDS
2026-05-06 13:32:15,304 - INFO - ============================================================
2026-05-06 13:32:15,304 - INFO - Extracting: OBJETO DO CONTRATO
2026-05-06 13:32:17,525 - INFO -   OK: Trata-se de Contratação de empresa para fornecimento contínu...
2026-05-06 13:32:17,525 - INFO - Extracting: ESPECIFICAÇÃO TÉCNICA
2026-05-06 13:32:19,750 - INFO -   OK: A título de qualificação técnica, as empresas deverão aprese...
2026-05-06 13:32:19,750 - INFO - Extracting: QUALIFICAÇÃO TÉCNICA
2026-05-06 13:32:22,565 - INFO -   OK: ANEXO I DESCRIÇÃO DOS SERVIÇOS E VALORES TABELA I – INSUMOS ...
2026-05-06 13:32:22,565 - INFO - Extracting: GLOSAS
2026-05-06 13:32:24,792 - INFO -   OK: N/A
2026-05-06 13:32:24,792 - INFO - Extracting: SLA (ACORDO DE NÍVEL DE SERVIÇO)
2026-05-06 13:32:27,038 - INFO -   OK: N/A
2026-05-06 13:32:27,038 - INFO - Modal fields filled: 5/5
2026-05-06 13:32:27,038 - INFO - ============================================================
2026-05-06 13:32:27,038 - INFO - EXTRACTING TABLE ITEMS
2026-05-06 13:32:27,038 - INFO - ============================================================
2026-05-06 13:32:27,038 - INFO - Page 1:
2026-05-06 13:32:27,264 - INFO -   Found 5 items on this page
2026-05-06 13:32:27,264 - INFO -   Navigating to next page...
2026-05-06 13:32:28,858 - INFO - Page 2:
2026-05-06 13:32:29,089 - INFO -   Found 5 items on this page
2026-05-06 13:32:29,089 - INFO -   No more pages (Next button not found)
2026-05-06 13:32:29,089 - INFO - ============================================================
2026-05-06 13:32:29,089 - INFO - Total items extracted: 10 (in 2 page(s))
2026-05-06 13:32:29,099 - INFO - Extracting Históricos Observação de Revisões...
2026-05-06 13:32:29,115 - INFO -   Found 1 histórico entries
2026-05-06 13:32:29,115 - INFO - New process CTPS30.2026.MAI.01146, setting Situação to 'SOLICITAÇÃO NOVA'
2026-05-06 13:32:29,115 - INFO - ============================================================
2026-05-06 13:32:29,115 - INFO - SUMMARY - Request 10
2026-05-06 13:32:29,115 - INFO - ============================================================
2026-05-06 13:32:29,115 - INFO -   Entidade: HOSPITAL REGIONAL DE DOURADOS
2026-05-06 13:32:29,115 - INFO -   Nº SC: CTPS30.2026.MAI.01146
2026-05-06 13:32:29,115 - INFO -   Título: CONTRATO EMERGENCIAL PARA FORNECIMENTO DE INSUMOS ...
2026-05-06 13:32:29,115 - INFO -   Fields filled: 38/38
2026-05-06 13:32:29,115 - INFO -   Situação: SOLICITAÇÃO NOVA
2026-05-06 13:32:29,115 - INFO -   Items: 10
2026-05-06 13:32:29,115 - INFO -   Histórico entries: 1
2026-05-06 13:32:29,115 - INFO - Inserting new data into spreadsheet...
2026-05-06 13:32:29,879 - INFO - Data inserted into spreadsheet at row 85
2026-05-06 13:32:29,879 - INFO - Inserted data successfully!
2026-05-06 13:32:29,879 - INFO - Closing popup...
2026-05-06 13:32:30,980 - INFO - Returned to main window
2026-05-06 13:32:31,985 - INFO - [NEW] New request inserted! (Total new: 10)
2026-05-06 13:32:33,003 - INFO - Navigating to next listing page...
2026-05-06 13:32:33,526 - WARNING - Regular click failed: Message: Element <a id="p1_cph1_SCs_GdSCs_GdSCs_GdSCs_LinkButton_Paginacao_Proximo_10" class="link_txt_peq_arial_preto" href="javascript:WebForm_DoPostBackWithOptions(new WebForm_PostBackOptions("ctl00$ctl00$p1$cph1$SCs$GdSCs$GdSCs$ctl13$GdSCs_LinkButton_Paginacao_Proximo", "", true, "", "", false, true))"> is not clickable at point (904,618) because another element <td> obscures it
Stacktrace:
RemoteError@chrome://remote/content/shared/RemoteError.sys.mjs:8:8
WebDriverError@chrome://remote/content/shared/webdriver/Errors.sys.mjs:202:5
ElementClickInterceptedError@chrome://remote/content/shared/webdriver/Errors.sys.mjs:354:5
webdriverClickElement@chrome://remote/content/marionette/interaction.sys.mjs:175:11
interaction.clickElement@chrome://remote/content/marionette/interaction.sys.mjs:134:11
clickElement@chrome://remote/content/marionette/actors/MarionetteCommandsChild.sys.mjs:326:29
receiveMessage@chrome://remote/content/marionette/actors/MarionetteCommandsChild.sys.mjs:205:31
. Trying JavaScript click...
2026-05-06 13:32:33,552 - INFO - JavaScript click successful
2026-05-06 13:32:37,553 - INFO - ********************************************************************************
2026-05-06 13:32:37,553 - INFO - LISTING PAGE 2
2026-05-06 13:32:37,553 - INFO - ********************************************************************************
2026-05-06 13:32:37,578 - INFO - Found approximately 10 items on this page
2026-05-06 13:32:37,578 - INFO - 
>>> Attempting to process item 1 (Page 2) <<<
2026-05-06 13:32:37,578 - INFO - ################################################################################
2026-05-06 13:32:37,578 - INFO - PROCESSING REQUEST 1 (table row 2)
2026-05-06 13:32:37,578 - INFO - ################################################################################
2026-05-06 13:32:37,578 - INFO - Extracting listing fields (item 0)...
2026-05-06 13:32:37,629 - INFO - Process CTS87.2026.ABR.00409 exists in spreadsheet. Will open and check for updates...
2026-05-06 13:32:37,629 - INFO - Clicking link to open details...
2026-05-06 13:32:38,047 - INFO - Waiting for new window to open...
2026-05-06 13:32:40,050 - INFO - Switched to popup window
2026-05-06 13:32:42,061 - INFO - Page loaded successfully!
2026-05-06 13:32:42,062 - INFO - ============================================================
2026-05-06 13:32:42,062 - INFO - EXTRACTING REQUEST DATA
2026-05-06 13:32:42,062 - INFO - ============================================================
2026-05-06 13:32:42,062 - INFO - Extracting request fields...
2026-05-06 13:32:42,594 - INFO - ============================================================
2026-05-06 13:32:42,595 - INFO - EXTRACTING MODAL FIELDS
2026-05-06 13:32:42,595 - INFO - ============================================================
2026-05-06 13:32:42,595 - INFO - Extracting: OBJETO DO CONTRATO
2026-05-06 13:33:15,143 - INFO -   Empty/Not found
2026-05-06 13:33:15,143 - INFO - Extracting: ESPECIFICAÇÃO TÉCNICA
2026-05-06 13:33:18,065 - INFO -   OK: ESPECIFICIDADES DA CONTRATAÇÃO: 1.A contratação deste serviç...
2026-05-06 13:33:18,065 - INFO - Extracting: QUALIFICAÇÃO TÉCNICA
2026-05-06 13:33:20,294 - INFO -   OK: A título de qualificação técnico-operacional, as empresas de...
2026-05-06 13:33:20,294 - INFO - Extracting: GLOSAS
2026-05-06 13:33:22,502 - INFO -   OK: não há.
2026-05-06 13:33:22,502 - INFO - Extracting: SLA (ACORDO DE NÍVEL DE SERVIÇO)
2026-05-06 13:33:24,815 - INFO -   OK: DISPOSIÇÕES GERAIS 1.Fica estabelecido entre as partes Acord...
2026-05-06 13:33:24,815 - INFO - Modal fields filled: 4/5
2026-05-06 13:33:24,815 - INFO - ============================================================
2026-05-06 13:33:24,815 - INFO - EXTRACTING TABLE ITEMS
2026-05-06 13:33:24,815 - INFO - ============================================================
2026-05-06 13:33:24,815 - INFO - Page 1:
2026-05-06 13:33:24,890 - INFO -   Found 1 items on this page
2026-05-06 13:33:24,899 - INFO -   No more pages (Next button not found)
2026-05-06 13:33:24,899 - INFO - ============================================================
2026-05-06 13:33:24,899 - INFO - Total items extracted: 1 (in 1 page(s))
2026-05-06 13:33:24,899 - INFO - Extracting Históricos Observação de Revisões...
2026-05-06 13:33:24,925 - INFO -   Found 1 histórico entries
2026-05-06 13:33:24,925 - INFO - No changes detected for CTS87.2026.ABR.00409, keeping existing Situação
2026-05-06 13:33:24,925 - INFO - ============================================================
2026-05-06 13:33:24,925 - INFO - SUMMARY - Request 1
2026-05-06 13:33:24,925 - INFO - ============================================================
2026-05-06 13:33:24,925 - INFO -   Entidade: UNIDADE I - HOSPITAL REGIONAL DR. ANTÔNIO FONTES
2026-05-06 13:33:24,925 - INFO -   Nº SC: CTS87.2026.ABR.00409
2026-05-06 13:33:24,925 - INFO -   Título: CONTRATAÇÃO DE SERVIÇO DE COLETA E ANÁLISE DA QUAL...
2026-05-06 13:33:24,925 - INFO -   Fields filled: 37/38
2026-05-06 13:33:24,925 - INFO -   Situação: SOLICITAÇÃO NOVA
2026-05-06 13:33:24,925 - INFO -   Items: 1
2026-05-06 13:33:24,925 - INFO -   Histórico entries: 1
2026-05-06 13:33:24,925 - INFO - Updating existing data in spreadsheet...
2026-05-06 13:33:25,272 - INFO - Data updated in spreadsheet at row 70
2026-05-06 13:33:25,272 - INFO - Updated data successfully!
2026-05-06 13:33:25,272 - INFO - Closing popup...
2026-05-06 13:33:26,423 - INFO - Returned to main window
2026-05-06 13:33:27,429 - INFO - [UPDATED] Process CTS87.2026.ABR.00409 updated. (Total updated: 1)
2026-05-06 13:33:28,430 - INFO - 
>>> Attempting to process item 2 (Page 2) <<<
2026-05-06 13:33:28,430 - INFO - ################################################################################
2026-05-06 13:33:28,430 - INFO - PROCESSING REQUEST 2 (table row 3)
2026-05-06 13:33:28,430 - INFO - ################################################################################
2026-05-06 13:33:28,430 - INFO - Extracting listing fields (item 1)...
2026-05-06 13:33:28,474 - INFO - Process CTS03.2026.ABR.00545 exists in spreadsheet. Will open and check for updates...
2026-05-06 13:33:28,474 - INFO - Clicking link to open details...
2026-05-06 13:33:28,865 - INFO - Waiting for new window to open...
2026-05-06 13:33:30,868 - INFO - Switched to popup window
2026-05-06 13:33:32,878 - INFO - Page loaded successfully!
2026-05-06 13:33:32,878 - INFO - ============================================================
2026-05-06 13:33:32,878 - INFO - EXTRACTING REQUEST DATA
2026-05-06 13:33:32,878 - INFO - ============================================================
2026-05-06 13:33:32,878 - INFO - Extracting request fields...
2026-05-06 13:33:33,359 - INFO - ============================================================
2026-05-06 13:33:33,359 - INFO - EXTRACTING MODAL FIELDS
2026-05-06 13:33:33,359 - INFO - ============================================================
2026-05-06 13:33:33,359 - INFO - Extracting: OBJETO DO CONTRATO
2026-05-06 13:34:06,004 - INFO -   Empty/Not found
2026-05-06 13:34:06,004 - INFO - Extracting: ESPECIFICAÇÃO TÉCNICA
2026-05-06 13:34:08,236 - INFO -   OK: 1. Trata-se da contratação de 01 (um) link de internet com 5...
2026-05-06 13:34:08,236 - INFO - Extracting: QUALIFICAÇÃO TÉCNICA
2026-05-06 13:34:10,481 - INFO -   OK: a) No mínimo 01 (um) Atestado de Capacidade Técnica fornecid...
2026-05-06 13:34:10,481 - INFO - Extracting: GLOSAS
2026-05-06 13:34:12,663 - INFO -   OK: N/A
2026-05-06 13:34:12,663 - INFO - Extracting: SLA (ACORDO DE NÍVEL DE SERVIÇO)
2026-05-06 13:34:14,868 - INFO -   OK: Definir prazo para atendimento em caso de queda de serviço
2026-05-06 13:34:14,868 - INFO - Modal fields filled: 4/5
2026-05-06 13:34:14,868 - INFO - ============================================================
2026-05-06 13:34:14,868 - INFO - EXTRACTING TABLE ITEMS
2026-05-06 13:34:14,868 - INFO - ============================================================
2026-05-06 13:34:14,868 - INFO - Page 1:
2026-05-06 13:34:14,967 - INFO -   Found 2 items on this page
2026-05-06 13:34:14,967 - INFO -   No more pages (Next button not found)
2026-05-06 13:34:14,967 - INFO - ============================================================
2026-05-06 13:34:14,967 - INFO - Total items extracted: 2 (in 1 page(s))
2026-05-06 13:34:14,967 - INFO - Extracting Históricos Observação de Revisões...
2026-05-06 13:34:14,993 - INFO -   Found 1 histórico entries
2026-05-06 13:34:14,993 - INFO - No changes detected for CTS03.2026.ABR.00545, keeping existing Situação
2026-05-06 13:34:14,993 - INFO - ============================================================
2026-05-06 13:34:14,993 - INFO - SUMMARY - Request 2
2026-05-06 13:34:14,993 - INFO - ============================================================
2026-05-06 13:34:14,993 - INFO -   Entidade: HOSPITAL ESTADUAL DE JATAÍ DR. SERAFIM DE CARVALHO
2026-05-06 13:34:14,993 - INFO -   Nº SC: CTS03.2026.ABR.00545
2026-05-06 13:34:14,993 - INFO -   Título: ASSINATURA DE NOVO LINK DE INTERNET
2026-05-06 13:34:14,993 - INFO -   Fields filled: 37/38
2026-05-06 13:34:14,993 - INFO -   Situação: SOLICITAÇÃO NOVA
2026-05-06 13:34:14,993 - INFO -   Items: 2
2026-05-06 13:34:14,999 - INFO -   Histórico entries: 1
2026-05-06 13:34:14,999 - INFO - Updating existing data in spreadsheet...
2026-05-06 13:34:15,298 - INFO - Data updated in spreadsheet at row 72
2026-05-06 13:34:15,298 - INFO - Updated data successfully!
2026-05-06 13:34:15,298 - INFO - Closing popup...
2026-05-06 13:34:16,401 - INFO - Returned to main window
2026-05-06 13:34:17,407 - INFO - [UPDATED] Process CTS03.2026.ABR.00545 updated. (Total updated: 2)
2026-05-06 13:34:18,415 - INFO - 
>>> Attempting to process item 3 (Page 2) <<<
2026-05-06 13:34:18,416 - INFO - ################################################################################
2026-05-06 13:34:18,417 - INFO - PROCESSING REQUEST 3 (table row 4)
2026-05-06 13:34:18,417 - INFO - ################################################################################
2026-05-06 13:34:18,417 - INFO - Extracting listing fields (item 2)...
2026-05-06 13:34:18,506 - INFO - Process CTS03.2026.ABR.00544 exists in spreadsheet. Will open and check for updates...
2026-05-06 13:34:18,506 - INFO - Clicking link to open details...
2026-05-06 13:34:18,889 - INFO - Waiting for new window to open...
2026-05-06 13:34:20,902 - INFO - Switched to popup window
2026-05-06 13:34:22,912 - INFO - Page loaded successfully!
2026-05-06 13:34:22,912 - INFO - ============================================================
2026-05-06 13:34:22,912 - INFO - EXTRACTING REQUEST DATA
2026-05-06 13:34:22,912 - INFO - ============================================================
2026-05-06 13:34:22,912 - INFO - Extracting request fields...
2026-05-06 13:34:23,473 - INFO - ============================================================
2026-05-06 13:34:23,473 - INFO - EXTRACTING MODAL FIELDS
2026-05-06 13:34:23,473 - INFO - ============================================================
2026-05-06 13:34:23,473 - INFO - Extracting: OBJETO DO CONTRATO
2026-05-06 13:34:25,728 - INFO -   OK: Trata-se da contratação de empresa especializada para presta...
2026-05-06 13:34:25,728 - INFO - Extracting: ESPECIFICAÇÃO TÉCNICA
2026-05-06 13:34:28,093 - INFO -   OK: Clínica Médica – ambulatório, enfermaria de clínica médica e...
2026-05-06 13:34:28,093 - INFO - Extracting: QUALIFICAÇÃO TÉCNICA
2026-05-06 13:34:30,342 - INFO -   OK: A título de qualificação técnico-operacional, as empresas de...
2026-05-06 13:34:30,342 - INFO - Extracting: GLOSAS
2026-05-06 13:34:32,544 - INFO -   OK: N/A
2026-05-06 13:34:32,544 - INFO - Extracting: SLA (ACORDO DE NÍVEL DE SERVIÇO)
2026-05-06 13:34:34,871 - INFO -   OK: DISPOSIÇÕES GERAIS: 1.1. Fica estabelecido entre as partes e...
2026-05-06 13:34:34,871 - INFO - Modal fields filled: 5/5
2026-05-06 13:34:34,871 - INFO - ============================================================
2026-05-06 13:34:34,871 - INFO - EXTRACTING TABLE ITEMS
2026-05-06 13:34:34,871 - INFO - ============================================================
2026-05-06 13:34:34,871 - INFO - Page 1:
2026-05-06 13:34:34,980 - INFO -   Found 2 items on this page
2026-05-06 13:34:34,982 - INFO -   No more pages (Next button not found)
2026-05-06 13:34:34,982 - INFO - ============================================================
2026-05-06 13:34:34,982 - INFO - Total items extracted: 2 (in 1 page(s))
2026-05-06 13:34:34,982 - INFO - Extracting Históricos Observação de Revisões...
2026-05-06 13:34:34,997 - INFO -   Found 1 histórico entries
2026-05-06 13:34:34,997 - INFO - Data changed for CTS03.2026.ABR.00544, setting Situação to 'ANÁLISE INICIADA'
2026-05-06 13:34:34,997 - INFO - ============================================================
2026-05-06 13:34:34,997 - INFO - SUMMARY - Request 3
2026-05-06 13:34:34,997 - INFO - ============================================================
2026-05-06 13:34:34,997 - INFO -   Entidade: HOSPITAL ESTADUAL DE JATAÍ DR. SERAFIM DE CARVALHO
2026-05-06 13:34:34,997 - INFO -   Nº SC: CTS03.2026.ABR.00544
2026-05-06 13:34:34,997 - INFO -   Título: PRESTAÇÃO DE SERVIÇOS MÉDICOS EM CLÍNICA MÉDICA
2026-05-06 13:34:35,004 - INFO -   Fields filled: 37/38
2026-05-06 13:34:35,005 - INFO -   Situação: ANÁLISE INICIADA
2026-05-06 13:34:35,005 - INFO -   Items: 2
2026-05-06 13:34:35,005 - INFO -   Histórico entries: 1
2026-05-06 13:34:35,006 - INFO - Updating existing data in spreadsheet...
2026-05-06 13:34:35,346 - INFO - Data updated in spreadsheet at row 61
2026-05-06 13:34:35,346 - INFO - Updated data successfully!
2026-05-06 13:34:35,346 - INFO - Closing popup...
2026-05-06 13:34:36,448 - INFO - Returned to main window
2026-05-06 13:34:37,452 - INFO - [UPDATED] Process CTS03.2026.ABR.00544 updated. (Total updated: 3)
2026-05-06 13:34:38,453 - INFO - 
>>> Attempting to process item 4 (Page 2) <<<
2026-05-06 13:34:38,453 - INFO - ################################################################################
2026-05-06 13:34:38,453 - INFO - PROCESSING REQUEST 4 (table row 5)
2026-05-06 13:34:38,453 - INFO - ################################################################################
2026-05-06 13:34:38,463 - INFO - Extracting listing fields (item 3)...
2026-05-06 13:34:38,516 - INFO - Process CTS28.2026.ABR.02008 exists in spreadsheet. Will open and check for updates...
2026-05-06 13:34:38,516 - INFO - Clicking link to open details...
2026-05-06 13:34:38,916 - INFO - Waiting for new window to open...
2026-05-06 13:34:40,919 - INFO - Switched to popup window
2026-05-06 13:34:42,934 - INFO - Page loaded successfully!
2026-05-06 13:34:42,934 - INFO - ============================================================
2026-05-06 13:34:42,934 - INFO - EXTRACTING REQUEST DATA
2026-05-06 13:34:42,934 - INFO - ============================================================
2026-05-06 13:34:42,934 - INFO - Extracting request fields...
2026-05-06 13:34:43,472 - INFO - ============================================================
2026-05-06 13:34:43,472 - INFO - EXTRACTING MODAL FIELDS
2026-05-06 13:34:43,472 - INFO - ============================================================
2026-05-06 13:34:43,472 - INFO - Extracting: OBJETO DO CONTRATO
2026-05-06 13:35:16,176 - INFO -   Empty/Not found
2026-05-06 13:35:16,176 - INFO - Extracting: ESPECIFICAÇÃO TÉCNICA
2026-05-06 13:35:18,571 - INFO -   OK: ESPECIFICAÇÃO TÉCNICA: DA INSTALAÇÃO Analisar todo o projeto...
2026-05-06 13:35:18,571 - INFO - Extracting: QUALIFICAÇÃO TÉCNICA
2026-05-06 13:35:20,837 - INFO -   OK: A título de qualificação técnica, as empresas deverão aprese...
2026-05-06 13:35:20,837 - INFO - Extracting: GLOSAS
2026-05-06 13:35:23,048 - INFO -   OK: não se aplica
2026-05-06 13:35:23,048 - INFO - Extracting: SLA (ACORDO DE NÍVEL DE SERVIÇO)
2026-05-06 13:35:25,284 - INFO -   OK: DISPOSIÇÕES GERAIS Fica estabelecido entre as partes Acordo ...
2026-05-06 13:35:25,284 - INFO - Modal fields filled: 4/5
2026-05-06 13:35:25,284 - INFO - ============================================================
2026-05-06 13:35:25,284 - INFO - EXTRACTING TABLE ITEMS
2026-05-06 13:35:25,284 - INFO - ============================================================
2026-05-06 13:35:25,284 - INFO - Page 1:
2026-05-06 13:35:25,508 - INFO -   Found 5 items on this page
2026-05-06 13:35:25,524 - INFO -   Navigating to next page...
2026-05-06 13:35:27,113 - INFO - Page 2:
2026-05-06 13:35:27,342 - INFO -   Found 5 items on this page
2026-05-06 13:35:27,352 - INFO -   Navigating to next page...
2026-05-06 13:35:28,930 - INFO - Page 3:
2026-05-06 13:35:29,113 - INFO -   Found 3 items on this page
2026-05-06 13:35:29,121 - INFO -   No more pages (Next button not found)
2026-05-06 13:35:29,121 - INFO - ============================================================
2026-05-06 13:35:29,121 - INFO - Total items extracted: 13 (in 3 page(s))
2026-05-06 13:35:29,121 - INFO - Extracting Históricos Observação de Revisões...
2026-05-06 13:35:29,149 - INFO -   Found 3 histórico entries
2026-05-06 13:35:29,149 - INFO - Data changed for CTS28.2026.ABR.02008, setting Situação to 'ANÁLISE INICIADA'
2026-05-06 13:35:29,149 - INFO - ============================================================
2026-05-06 13:35:29,149 - INFO - SUMMARY - Request 4
2026-05-06 13:35:29,149 - INFO - ============================================================
2026-05-06 13:35:29,149 - INFO -   Entidade: COMPLEXO HOSPITALAR SUL
2026-05-06 13:35:29,149 - INFO -   Nº SC: CTS28.2026.ABR.02008
2026-05-06 13:35:29,149 - INFO -   Título: CHS/AM - CONTRATAÇÃO DE EMPRESA PARA FORNECIMENTO ...
2026-05-06 13:35:29,149 - INFO -   Fields filled: 36/38
2026-05-06 13:35:29,149 - INFO -   Situação: ANÁLISE INICIADA
2026-05-06 13:35:29,149 - INFO -   Items: 13
2026-05-06 13:35:29,149 - INFO -   Histórico entries: 3
2026-05-06 13:35:29,149 - INFO - Updating existing data in spreadsheet...
2026-05-06 13:35:29,639 - INFO - Data updated in spreadsheet at row 63
2026-05-06 13:35:29,639 - INFO - Updated data successfully!
2026-05-06 13:35:29,639 - INFO - Closing popup...
2026-05-06 13:35:30,756 - INFO - Returned to main window
2026-05-06 13:35:31,758 - INFO - [UPDATED] Process CTS28.2026.ABR.02008 updated. (Total updated: 4)
2026-05-06 13:35:32,760 - INFO - 
>>> Attempting to process item 5 (Page 2) <<<
2026-05-06 13:35:32,760 - INFO - ################################################################################
2026-05-06 13:35:32,760 - INFO - PROCESSING REQUEST 5 (table row 6)
2026-05-06 13:35:32,760 - INFO - ################################################################################
2026-05-06 13:35:32,760 - INFO - Extracting listing fields (item 4)...
2026-05-06 13:35:32,864 - INFO - Process CTS85.2026.ABR.00181 exists in spreadsheet. Will open and check for updates...
2026-05-06 13:35:32,864 - INFO - Clicking link to open details...
2026-05-06 13:35:33,235 - INFO - Waiting for new window to open...
2026-05-06 13:35:35,247 - INFO - Switched to popup window
2026-05-06 13:35:37,250 - INFO - Page loaded successfully!
2026-05-06 13:35:37,250 - INFO - ============================================================
2026-05-06 13:35:37,250 - INFO - EXTRACTING REQUEST DATA
2026-05-06 13:35:37,250 - INFO - ============================================================
2026-05-06 13:35:37,250 - INFO - Extracting request fields...
2026-05-06 13:35:37,732 - INFO - ============================================================
2026-05-06 13:35:37,747 - INFO - EXTRACTING MODAL FIELDS
2026-05-06 13:35:37,747 - INFO - ============================================================
2026-05-06 13:35:37,747 - INFO - Extracting: OBJETO DO CONTRATO
2026-05-06 13:35:39,937 - INFO -   OK: Trata-se de contratação de empresa para fornecimento de segu...
2026-05-06 13:35:39,937 - INFO - Extracting: ESPECIFICAÇÃO TÉCNICA
2026-05-06 13:35:42,192 - INFO -   OK: ESPECIFICAÇÃO TÉCNICA Prestação de serviço de seguro de vida...
2026-05-06 13:35:42,192 - INFO - Extracting: QUALIFICAÇÃO TÉCNICA
2026-05-06 13:35:44,449 - INFO -   OK: Não se aplica.
2026-05-06 13:35:44,449 - INFO - Extracting: GLOSAS
2026-05-06 13:35:46,653 - INFO -   OK: Não se aplica.
2026-05-06 13:35:46,653 - INFO - Extracting: SLA (ACORDO DE NÍVEL DE SERVIÇO)
2026-05-06 13:35:48,865 - INFO -   OK: Não se aplica.
2026-05-06 13:35:48,865 - INFO - Modal fields filled: 5/5
2026-05-06 13:35:48,865 - INFO - ============================================================
2026-05-06 13:35:48,865 - INFO - EXTRACTING TABLE ITEMS
2026-05-06 13:35:48,865 - INFO - ============================================================
2026-05-06 13:35:48,865 - INFO - Page 1:
2026-05-06 13:35:48,922 - INFO -   Found 1 items on this page
2026-05-06 13:35:48,922 - INFO -   No more pages (Next button not found)
2026-05-06 13:35:48,922 - INFO - ============================================================
2026-05-06 13:35:48,922 - INFO - Total items extracted: 1 (in 1 page(s))
2026-05-06 13:35:48,922 - INFO - Extracting Históricos Observação de Revisões...
2026-05-06 13:35:48,956 - INFO -   Found 1 histórico entries
2026-05-06 13:35:48,956 - INFO - No changes detected for CTS85.2026.ABR.00181, keeping existing Situação
2026-05-06 13:35:48,956 - INFO - ============================================================
2026-05-06 13:35:48,956 - INFO - SUMMARY - Request 5
2026-05-06 13:35:48,956 - INFO - ============================================================
2026-05-06 13:35:48,956 - INFO -   Entidade: UNIDADE DE PRONTO ATENDIMENTO DE SAO PEDRO
2026-05-06 13:35:48,956 - INFO -   Nº SC: CTS85.2026.ABR.00181
2026-05-06 13:35:48,956 - INFO -   Título: CONTRATAÇÃO DE EMPRESA PARA FORNECIMENTO, ADMINIST...
2026-05-06 13:35:48,956 - INFO -   Fields filled: 38/38
2026-05-06 13:35:48,971 - INFO -   Situação: SOLICITAÇÃO NOVA
2026-05-06 13:35:48,971 - INFO -   Items: 1
2026-05-06 13:35:48,972 - INFO -   Histórico entries: 1
2026-05-06 13:35:48,972 - INFO - Updating existing data in spreadsheet...
2026-05-06 13:35:49,238 - INFO - Data updated in spreadsheet at row 51
2026-05-06 13:35:49,248 - INFO - Updated data successfully!
2026-05-06 13:35:49,248 - INFO - Closing popup...
2026-05-06 13:35:50,348 - INFO - Returned to main window
2026-05-06 13:35:51,351 - INFO - [UPDATED] Process CTS85.2026.ABR.00181 updated. (Total updated: 5)
2026-05-06 13:35:52,352 - INFO - 
>>> Attempting to process item 6 (Page 2) <<<
2026-05-06 13:35:52,352 - INFO - ################################################################################
2026-05-06 13:35:52,354 - INFO - PROCESSING REQUEST 6 (table row 7)
2026-05-06 13:35:52,354 - INFO - ################################################################################
2026-05-06 13:35:52,354 - INFO - Extracting listing fields (item 5)...
2026-05-06 13:35:52,470 - INFO - Process CTS86.2026.ABR.00211 exists in spreadsheet. Will open and check for updates...
2026-05-06 13:35:52,470 - INFO - Clicking link to open details...
2026-05-06 13:35:52,869 - INFO - Waiting for new window to open...
2026-05-06 13:35:54,874 - INFO - Switched to popup window
2026-05-06 13:35:56,889 - INFO - Page loaded successfully!
2026-05-06 13:35:56,889 - INFO - ============================================================
2026-05-06 13:35:56,889 - INFO - EXTRACTING REQUEST DATA
2026-05-06 13:35:56,889 - INFO - ============================================================
2026-05-06 13:35:56,889 - INFO - Extracting request fields...
2026-05-06 13:35:57,409 - INFO - ============================================================
2026-05-06 13:35:57,409 - INFO - EXTRACTING MODAL FIELDS
2026-05-06 13:35:57,409 - INFO - ============================================================
2026-05-06 13:35:57,409 - INFO - Extracting: OBJETO DO CONTRATO
2026-05-06 13:35:59,630 - INFO -   OK: Trata-se de contratação de empresa para fornecimento de segu...
2026-05-06 13:35:59,630 - INFO - Extracting: ESPECIFICAÇÃO TÉCNICA
2026-05-06 13:36:01,876 - INFO -   OK: ESPECIFICAÇÃO TÉCNICA Prestação de serviço de seguro de vida...
2026-05-06 13:36:01,876 - INFO - Extracting: QUALIFICAÇÃO TÉCNICA
2026-05-06 13:36:04,171 - INFO -   OK: Não se aplica.
2026-05-06 13:36:04,171 - INFO - Extracting: GLOSAS
2026-05-06 13:36:06,416 - INFO -   OK: Não se aplica.
2026-05-06 13:36:06,416 - INFO - Extracting: SLA (ACORDO DE NÍVEL DE SERVIÇO)
2026-05-06 13:36:08,650 - INFO -   OK: Não se aplica.
2026-05-06 13:36:08,650 - INFO - Modal fields filled: 5/5
2026-05-06 13:36:08,650 - INFO - ============================================================
2026-05-06 13:36:08,650 - INFO - EXTRACTING TABLE ITEMS
2026-05-06 13:36:08,650 - INFO - ============================================================
2026-05-06 13:36:08,650 - INFO - Page 1:
2026-05-06 13:36:08,702 - INFO -   Found 1 items on this page
2026-05-06 13:36:08,712 - INFO -   No more pages (Next button not found)
2026-05-06 13:36:08,712 - INFO - ============================================================
2026-05-06 13:36:08,712 - INFO - Total items extracted: 1 (in 1 page(s))
2026-05-06 13:36:08,712 - INFO - Extracting Históricos Observação de Revisões...
2026-05-06 13:36:08,745 - INFO -   Found 1 histórico entries
2026-05-06 13:36:08,745 - INFO - No changes detected for CTS86.2026.ABR.00211, keeping existing Situação
2026-05-06 13:36:08,745 - INFO - ============================================================
2026-05-06 13:36:08,745 - INFO - SUMMARY - Request 6
2026-05-06 13:36:08,745 - INFO - ============================================================
2026-05-06 13:36:08,745 - INFO -   Entidade: UNIDADES DE PRONTO ATENDIMENTO PRAIA DE SUÀ
2026-05-06 13:36:08,745 - INFO -   Nº SC: CTS86.2026.ABR.00211
2026-05-06 13:36:08,745 - INFO -   Título: CONTRATAÇÃO DE EMPRESA PARA FORNECIMENTO, ADMINIST...
2026-05-06 13:36:08,745 - INFO -   Fields filled: 38/38
2026-05-06 13:36:08,751 - INFO -   Situação: SOLICITAÇÃO NOVA
2026-05-06 13:36:08,751 - INFO -   Items: 1
2026-05-06 13:36:08,751 - INFO -   Histórico entries: 1
2026-05-06 13:36:08,751 - INFO - Updating existing data in spreadsheet...
2026-05-06 13:36:09,059 - INFO - Data updated in spreadsheet at row 52
2026-05-06 13:36:09,059 - INFO - Updated data successfully!
2026-05-06 13:36:09,059 - INFO - Closing popup...
2026-05-06 13:36:10,162 - INFO - Returned to main window
2026-05-06 13:36:11,169 - INFO - [UPDATED] Process CTS86.2026.ABR.00211 updated. (Total updated: 6)
2026-05-06 13:36:12,170 - INFO - 
>>> Attempting to process item 7 (Page 2) <<<
2026-05-06 13:36:12,170 - INFO - ################################################################################
2026-05-06 13:36:12,170 - INFO - PROCESSING REQUEST 7 (table row 8)
2026-05-06 13:36:12,170 - INFO - ################################################################################
2026-05-06 13:36:12,201 - INFO - Extracting listing fields (item 6)...
2026-05-06 13:36:12,237 - INFO - Process CTS85.2026.ABR.00180 exists in spreadsheet. Will open and check for updates...
2026-05-06 13:36:12,237 - INFO - Clicking link to open details...
2026-05-06 13:36:12,627 - INFO - Waiting for new window to open...
2026-05-06 13:36:14,628 - INFO - Switched to popup window
2026-05-06 13:36:16,643 - INFO - Page loaded successfully!
2026-05-06 13:36:16,643 - INFO - ============================================================
2026-05-06 13:36:16,654 - INFO - EXTRACTING REQUEST DATA
2026-05-06 13:36:16,654 - INFO - ============================================================
2026-05-06 13:36:16,654 - INFO - Extracting request fields...
2026-05-06 13:36:17,171 - INFO - ============================================================
2026-05-06 13:36:17,171 - INFO - EXTRACTING MODAL FIELDS
2026-05-06 13:36:17,171 - INFO - ============================================================
2026-05-06 13:36:17,171 - INFO - Extracting: OBJETO DO CONTRATO
2026-05-06 13:36:19,388 - INFO -   OK: Contratação de empresa especializada para fornecimento e ges...
2026-05-06 13:36:19,388 - INFO - Extracting: ESPECIFICAÇÃO TÉCNICA
2026-05-06 13:36:21,624 - INFO -   OK: ESPECIFICAÇÃO TÉCNICA Especificidades da contratação: Presta...
2026-05-06 13:36:21,624 - INFO - Extracting: QUALIFICAÇÃO TÉCNICA
2026-05-06 13:36:23,879 - INFO -   OK: Não se aplica.
2026-05-06 13:36:23,879 - INFO - Extracting: GLOSAS
2026-05-06 13:36:26,081 - INFO -   OK: Não se aplica.
2026-05-06 13:36:26,081 - INFO - Extracting: SLA (ACORDO DE NÍVEL DE SERVIÇO)
2026-05-06 13:36:28,293 - INFO -   OK: Não se aplica.
2026-05-06 13:36:28,293 - INFO - Modal fields filled: 5/5
2026-05-06 13:36:28,293 - INFO - ============================================================
2026-05-06 13:36:28,293 - INFO - EXTRACTING TABLE ITEMS
2026-05-06 13:36:28,293 - INFO - ============================================================
2026-05-06 13:36:28,303 - INFO - Page 1:
2026-05-06 13:36:28,366 - INFO -   Found 1 items on this page
2026-05-06 13:36:28,366 - INFO -   No more pages (Next button not found)
2026-05-06 13:36:28,366 - INFO - ============================================================
2026-05-06 13:36:28,366 - INFO - Total items extracted: 1 (in 1 page(s))
2026-05-06 13:36:28,366 - INFO - Extracting Históricos Observação de Revisões...
2026-05-06 13:36:28,394 - INFO -   Found 1 histórico entries
2026-05-06 13:36:28,394 - INFO - No changes detected for CTS85.2026.ABR.00180, keeping existing Situação
2026-05-06 13:36:28,394 - INFO - ============================================================
2026-05-06 13:36:28,399 - INFO - SUMMARY - Request 7
2026-05-06 13:36:28,399 - INFO - ============================================================
2026-05-06 13:36:28,399 - INFO -   Entidade: UNIDADE DE PRONTO ATENDIMENTO DE SAO PEDRO
2026-05-06 13:36:28,399 - INFO -   Nº SC: CTS85.2026.ABR.00180
2026-05-06 13:36:28,399 - INFO -   Título: CONTRATAÇÃO DE EMPRESA PARA FORNECIMENTO, ADMINIST...
2026-05-06 13:36:28,399 - INFO -   Fields filled: 38/38
2026-05-06 13:36:28,399 - INFO -   Situação: SOLICITAÇÃO NOVA
2026-05-06 13:36:28,399 - INFO -   Items: 1
2026-05-06 13:36:28,399 - INFO -   Histórico entries: 1
2026-05-06 13:36:28,402 - INFO - Updating existing data in spreadsheet...
2026-05-06 13:36:28,703 - INFO - Data updated in spreadsheet at row 53
2026-05-06 13:36:28,703 - INFO - Updated data successfully!
2026-05-06 13:36:28,703 - INFO - Closing popup...
2026-05-06 13:36:29,824 - INFO - Returned to main window
2026-05-06 13:36:30,827 - INFO - [UPDATED] Process CTS85.2026.ABR.00180 updated. (Total updated: 7)
2026-05-06 13:36:31,829 - INFO - 
>>> Attempting to process item 8 (Page 2) <<<
2026-05-06 13:36:31,829 - INFO - ################################################################################
2026-05-06 13:36:31,829 - INFO - PROCESSING REQUEST 8 (table row 9)
2026-05-06 13:36:31,829 - INFO - ################################################################################
2026-05-06 13:36:31,840 - INFO - Extracting listing fields (item 7)...
2026-05-06 13:36:31,932 - INFO - Process CTS86.2026.ABR.00210 exists in spreadsheet. Will open and check for updates...
2026-05-06 13:36:31,932 - INFO - Clicking link to open details...
2026-05-06 13:36:32,313 - INFO - Waiting for new window to open...
2026-05-06 13:36:34,317 - INFO - Switched to popup window
2026-05-06 13:36:36,324 - INFO - Page loaded successfully!
2026-05-06 13:36:36,324 - INFO - ============================================================
2026-05-06 13:36:36,324 - INFO - EXTRACTING REQUEST DATA
2026-05-06 13:36:36,324 - INFO - ============================================================
2026-05-06 13:36:36,324 - INFO - Extracting request fields...
2026-05-06 13:36:36,883 - INFO - ============================================================
2026-05-06 13:36:36,883 - INFO - EXTRACTING MODAL FIELDS
2026-05-06 13:36:36,883 - INFO - ============================================================
2026-05-06 13:36:36,883 - INFO - Extracting: OBJETO DO CONTRATO
2026-05-06 13:36:39,117 - INFO -   OK: Contratação de empresa especializada para fornecimento e ges...
2026-05-06 13:36:39,117 - INFO - Extracting: ESPECIFICAÇÃO TÉCNICA
2026-05-06 13:36:41,374 - INFO -   OK: ESPECIFICAÇÃO TÉCNICA Especificidades da contratação: Presta...
2026-05-06 13:36:41,374 - INFO - Extracting: QUALIFICAÇÃO TÉCNICA
2026-05-06 13:36:43,637 - INFO -   OK: Não se aplica
2026-05-06 13:36:43,637 - INFO - Extracting: GLOSAS
2026-05-06 13:36:45,842 - INFO -   OK: Não se aplica
2026-05-06 13:36:45,842 - INFO - Extracting: SLA (ACORDO DE NÍVEL DE SERVIÇO)
2026-05-06 13:36:48,084 - INFO -   OK: Não se aplica
2026-05-06 13:36:48,084 - INFO - Modal fields filled: 5/5
2026-05-06 13:36:48,084 - INFO - ============================================================
2026-05-06 13:36:48,084 - INFO - EXTRACTING TABLE ITEMS
2026-05-06 13:36:48,084 - INFO - ============================================================
2026-05-06 13:36:48,084 - INFO - Page 1:
2026-05-06 13:36:48,131 - INFO -   Found 1 items on this page
2026-05-06 13:36:48,147 - INFO -   No more pages (Next button not found)
2026-05-06 13:36:48,147 - INFO - ============================================================
2026-05-06 13:36:48,147 - INFO - Total items extracted: 1 (in 1 page(s))
2026-05-06 13:36:48,147 - INFO - Extracting Históricos Observação de Revisões...
2026-05-06 13:36:48,175 - INFO -   Found 1 histórico entries
2026-05-06 13:36:48,175 - INFO - No changes detected for CTS86.2026.ABR.00210, keeping existing Situação
2026-05-06 13:36:48,175 - INFO - ============================================================
2026-05-06 13:36:48,175 - INFO - SUMMARY - Request 8
2026-05-06 13:36:48,175 - INFO - ============================================================
2026-05-06 13:36:48,175 - INFO -   Entidade: UNIDADES DE PRONTO ATENDIMENTO PRAIA DE SUÀ
2026-05-06 13:36:48,175 - INFO -   Nº SC: CTS86.2026.ABR.00210
2026-05-06 13:36:48,175 - INFO -   Título: CONTRATAÇÃO DE EMPRESA PARA FORNECIMENTO, ADMINIST...
2026-05-06 13:36:48,175 - INFO -   Fields filled: 38/38
2026-05-06 13:36:48,175 - INFO -   Situação: SOLICITAÇÃO NOVA
2026-05-06 13:36:48,175 - INFO -   Items: 1
2026-05-06 13:36:48,180 - INFO -   Histórico entries: 1
2026-05-06 13:36:48,180 - INFO - Updating existing data in spreadsheet...
2026-05-06 13:36:48,575 - INFO - Data updated in spreadsheet at row 54
2026-05-06 13:36:48,575 - INFO - Updated data successfully!
2026-05-06 13:36:48,575 - INFO - Closing popup...
2026-05-06 13:36:49,684 - INFO - Returned to main window
2026-05-06 13:36:50,688 - INFO - [UPDATED] Process CTS86.2026.ABR.00210 updated. (Total updated: 8)
2026-05-06 13:36:51,689 - INFO - 
>>> Attempting to process item 9 (Page 2) <<<
2026-05-06 13:36:51,689 - INFO - ################################################################################
2026-05-06 13:36:51,689 - INFO - PROCESSING REQUEST 9 (table row 10)
2026-05-06 13:36:51,689 - INFO - ################################################################################
2026-05-06 13:36:51,707 - INFO - Extracting listing fields (item 8)...
2026-05-06 13:36:51,804 - INFO - Process CTS02.2026.ABR.00547 exists in spreadsheet. Will open and check for updates...
2026-05-06 13:36:51,804 - INFO - Clicking link to open details...
2026-05-06 13:36:52,223 - INFO - Waiting for new window to open...
2026-05-06 13:36:54,227 - INFO - Switched to popup window
2026-05-06 13:36:56,241 - INFO - Page loaded successfully!
2026-05-06 13:36:56,241 - INFO - ============================================================
2026-05-06 13:36:56,241 - INFO - EXTRACTING REQUEST DATA
2026-05-06 13:36:56,241 - INFO - ============================================================
2026-05-06 13:36:56,241 - INFO - Extracting request fields...
2026-05-06 13:36:56,791 - INFO - ============================================================
2026-05-06 13:36:56,791 - INFO - EXTRACTING MODAL FIELDS
2026-05-06 13:36:56,791 - INFO - ============================================================
2026-05-06 13:36:56,792 - INFO - Extracting: OBJETO DO CONTRATO
2026-05-06 13:37:29,425 - INFO -   OK: Trata-se de contratação de empresa para prestação de serviço...
2026-05-06 13:37:29,425 - INFO - Extracting: ESPECIFICAÇÃO TÉCNICA
2026-05-06 13:37:32,044 - INFO -   OK: ESPECIFICAÇÃO TÉCNICA Objeto Trata-se de contratação de empr...
2026-05-06 13:37:32,044 - INFO - Extracting: QUALIFICAÇÃO TÉCNICA
2026-05-06 13:37:34,289 - INFO -   OK: 9.5.1. A título de qualificação técnico-operacional, as empr...
2026-05-06 13:37:34,289 - INFO - Extracting: GLOSAS
2026-05-06 13:37:36,527 - INFO -   OK: NÃO SE APLICA
2026-05-06 13:37:36,527 - INFO - Extracting: SLA (ACORDO DE NÍVEL DE SERVIÇO)
2026-05-06 13:37:38,892 - INFO -   OK: 1. DISPOSIÇÕES GERAIS 1.1. Fica estabelecido entre as partes...
2026-05-06 13:37:38,892 - INFO - Modal fields filled: 5/5
2026-05-06 13:37:38,892 - INFO - ============================================================
2026-05-06 13:37:38,892 - INFO - EXTRACTING TABLE ITEMS
2026-05-06 13:37:38,892 - INFO - ============================================================
2026-05-06 13:37:38,900 - INFO - Page 1:
2026-05-06 13:37:38,974 - INFO -   Found 1 items on this page
2026-05-06 13:37:38,974 - INFO -   No more pages (Next button not found)
2026-05-06 13:37:38,974 - INFO - ============================================================
2026-05-06 13:37:38,974 - INFO - Total items extracted: 1 (in 1 page(s))
2026-05-06 13:37:38,974 - INFO - Extracting Históricos Observação de Revisões...
2026-05-06 13:37:39,009 - INFO -   Found 3 histórico entries
2026-05-06 13:37:39,009 - INFO - Data changed for CTS02.2026.ABR.00547, setting Situação to 'ANÁLISE INICIADA'
2026-05-06 13:37:39,009 - INFO - ============================================================
2026-05-06 13:37:39,009 - INFO - SUMMARY - Request 9
2026-05-06 13:37:39,009 - INFO - ============================================================
2026-05-06 13:37:39,009 - INFO -   Entidade: POLICLÍNICA ESTADUAL BRASIL BRUNO DE BASTOS NETO REGIÃO RIO VERMELHO – GOIÁS
2026-05-06 13:37:39,009 - INFO -   Nº SC: CTS02.2026.ABR.00547
2026-05-06 13:37:39,009 - INFO -   Título: EMPRESA PARA PRESTAÇÃO DE SERVIÇO DE ENGENHARIA CL...
2026-05-06 13:37:39,009 - INFO -   Fields filled: 37/38
2026-05-06 13:37:39,009 - INFO -   Situação: ANÁLISE INICIADA
2026-05-06 13:37:39,009 - INFO -   Items: 1
2026-05-06 13:37:39,009 - INFO -   Histórico entries: 3
2026-05-06 13:37:39,009 - INFO - Updating existing data in spreadsheet...
2026-05-06 13:37:39,017 - WARNING - Campo 'ESPECIFICAÇÃO TÉCNICA' excede 50.000 caracteres. Substituído por mensagem de aviso.
2026-05-06 13:37:39,017 - INFO - Campos truncados nesta solicitação: ESPECIFICAÇÃO TÉCNICA
2026-05-06 13:37:39,359 - INFO - Data updated in spreadsheet at row 56
2026-05-06 13:37:39,359 - INFO - Updated data successfully!
2026-05-06 13:37:39,359 - INFO - Closing popup...
2026-05-06 13:37:40,497 - INFO - Returned to main window
2026-05-06 13:37:41,500 - INFO - [UPDATED] Process CTS02.2026.ABR.00547 updated. (Total updated: 9)
2026-05-06 13:37:42,501 - INFO - 
>>> Attempting to process item 10 (Page 2) <<<
2026-05-06 13:37:42,501 - INFO - ################################################################################
2026-05-06 13:37:42,501 - INFO - PROCESSING REQUEST 10 (table row 11)
2026-05-06 13:37:42,501 - INFO - ################################################################################
2026-05-06 13:37:42,507 - INFO - Extracting listing fields (item 9)...
2026-05-06 13:37:42,547 - INFO - Process CTS12.2026.ABR.00084 exists in spreadsheet. Will open and check for updates...
2026-05-06 13:37:42,547 - INFO - Clicking link to open details...
2026-05-06 13:37:42,947 - INFO - Waiting for new window to open...
2026-05-06 13:37:44,959 - INFO - Switched to popup window
2026-05-06 13:37:46,964 - INFO - Page loaded successfully!
2026-05-06 13:37:46,964 - INFO - ============================================================
2026-05-06 13:37:46,964 - INFO - EXTRACTING REQUEST DATA
2026-05-06 13:37:46,964 - INFO - ============================================================
2026-05-06 13:37:46,964 - INFO - Extracting request fields...
2026-05-06 13:37:47,573 - INFO - ============================================================
2026-05-06 13:37:47,573 - INFO - EXTRACTING MODAL FIELDS
2026-05-06 13:37:47,573 - INFO - ============================================================
2026-05-06 13:37:47,573 - INFO - Extracting: OBJETO DO CONTRATO
2026-05-06 13:38:20,196 - INFO -   Empty/Not found
2026-05-06 13:38:20,196 - INFO - Extracting: ESPECIFICAÇÃO TÉCNICA
2026-05-06 13:38:22,422 - INFO -   OK: ESPECIFICIDADES DA CONTRATAÇÃO: 1.1. Conceitos Manutenção co...
2026-05-06 13:38:22,422 - INFO - Extracting: QUALIFICAÇÃO TÉCNICA
2026-05-06 13:38:24,621 - INFO -   OK: a) No mínimo 01 (um) atestado fornecido por pessoa jurídica ...
2026-05-06 13:38:24,621 - INFO - Extracting: GLOSAS
2026-05-06 13:38:26,826 - INFO -   OK: PADRÃO
2026-05-06 13:38:26,826 - INFO - Extracting: SLA (ACORDO DE NÍVEL DE SERVIÇO)
2026-05-06 13:38:29,074 - INFO -   OK: Personalizado para atender às necessidades específicas de um...
2026-05-06 13:38:29,074 - INFO - Modal fields filled: 4/5
2026-05-06 13:38:29,074 - INFO - ============================================================
2026-05-06 13:38:29,074 - INFO - EXTRACTING TABLE ITEMS
2026-05-06 13:38:29,074 - INFO - ============================================================
2026-05-06 13:38:29,074 - INFO - Page 1:
2026-05-06 13:38:29,151 - INFO -   Found 1 items on this page
2026-05-06 13:38:29,155 - INFO -   No more pages (Next button not found)
2026-05-06 13:38:29,155 - INFO - ============================================================
2026-05-06 13:38:29,155 - INFO - Total items extracted: 1 (in 1 page(s))
2026-05-06 13:38:29,155 - INFO - Extracting Históricos Observação de Revisões...
2026-05-06 13:38:29,170 - INFO -   Found 1 histórico entries
2026-05-06 13:38:29,170 - INFO - No changes detected for CTS12.2026.ABR.00084, keeping existing Situação
2026-05-06 13:38:29,170 - INFO - ============================================================
2026-05-06 13:38:29,170 - INFO - SUMMARY - Request 10
2026-05-06 13:38:29,170 - INFO - ============================================================
2026-05-06 13:38:29,170 - INFO -   Entidade: CLÍNICA TEIA UNIDADE III CAIC DR. AFRÂNIO SOARES
2026-05-06 13:38:29,170 - INFO -   Nº SC: CTS12.2026.ABR.00084
2026-05-06 13:38:29,170 - INFO -   Título: SERVIÇO DE LIMPEZA E MANUTENÇÃO DE AR CONDICIONADO
2026-05-06 13:38:29,170 - INFO -   Fields filled: 37/38
2026-05-06 13:38:29,170 - INFO -   Situação: SOLICITAÇÃO NOVA
2026-05-06 13:38:29,170 - INFO -   Items: 1
2026-05-06 13:38:29,170 - INFO -   Histórico entries: 1
2026-05-06 13:38:29,170 - INFO - Updating existing data in spreadsheet...
2026-05-06 13:38:29,597 - INFO - Data updated in spreadsheet at row 57
2026-05-06 13:38:29,597 - INFO - Updated data successfully!
2026-05-06 13:38:29,597 - INFO - Closing popup...
2026-05-06 13:38:30,694 - INFO - Returned to main window
2026-05-06 13:38:31,698 - INFO - [UPDATED] Process CTS12.2026.ABR.00084 updated. (Total updated: 10)
2026-05-06 13:38:32,710 - INFO - Navigating to next listing page...
2026-05-06 13:38:33,232 - WARNING - Regular click failed: Message: Element <a id="p1_cph1_SCs_GdSCs_GdSCs_GdSCs_LinkButton_Paginacao_Proximo_10" class="link_txt_peq_arial_preto" href="javascript:WebForm_DoPostBackWithOptions(new WebForm_PostBackOptions("ctl00$ctl00$p1$cph1$SCs$GdSCs$GdSCs$ctl13$GdSCs_LinkButton_Paginacao_Proximo", "", true, "", "", false, true))"> is not clickable at point (908,619) because another element <div> obscures it
Stacktrace:
RemoteError@chrome://remote/content/shared/RemoteError.sys.mjs:8:8
WebDriverError@chrome://remote/content/shared/webdriver/Errors.sys.mjs:202:5
ElementClickInterceptedError@chrome://remote/content/shared/webdriver/Errors.sys.mjs:354:5
webdriverClickElement@chrome://remote/content/marionette/interaction.sys.mjs:175:11
interaction.clickElement@chrome://remote/content/marionette/interaction.sys.mjs:134:11
clickElement@chrome://remote/content/marionette/actors/MarionetteCommandsChild.sys.mjs:326:29
receiveMessage@chrome://remote/content/marionette/actors/MarionetteCommandsChild.sys.mjs:205:31
. Trying JavaScript click...
2026-05-06 13:38:33,257 - INFO - JavaScript click successful
2026-05-06 13:38:37,261 - INFO - ********************************************************************************
2026-05-06 13:38:37,261 - INFO - LISTING PAGE 3
2026-05-06 13:38:37,261 - INFO - ********************************************************************************
2026-05-06 13:38:37,306 - INFO - Found approximately 7 items on this page
2026-05-06 13:38:37,306 - INFO - 
>>> Attempting to process item 1 (Page 3) <<<
2026-05-06 13:38:37,306 - INFO - ################################################################################
2026-05-06 13:38:37,306 - INFO - PROCESSING REQUEST 1 (table row 2)
2026-05-06 13:38:37,306 - INFO - ################################################################################
2026-05-06 13:38:37,306 - INFO - Extracting listing fields (item 0)...
2026-05-06 13:38:37,350 - INFO - Process CTP04.2026.ABR.03561 exists in spreadsheet. Will open and check for updates...
2026-05-06 13:38:37,359 - INFO - Clicking link to open details...
2026-05-06 13:38:37,729 - INFO - Waiting for new window to open...
2026-05-06 13:38:39,747 - INFO - Switched to popup window
2026-05-06 13:38:41,750 - INFO - Page loaded successfully!
2026-05-06 13:38:41,750 - INFO - ============================================================
2026-05-06 13:38:41,750 - INFO - EXTRACTING REQUEST DATA
2026-05-06 13:38:41,750 - INFO - ============================================================
2026-05-06 13:38:41,750 - INFO - Extracting request fields...
2026-05-06 13:38:42,297 - INFO - ============================================================
2026-05-06 13:38:42,297 - INFO - EXTRACTING MODAL FIELDS
2026-05-06 13:38:42,297 - INFO - ============================================================
2026-05-06 13:38:42,297 - INFO - Extracting: OBJETO DO CONTRATO
2026-05-06 13:38:44,503 - INFO -   OK: Soros e Eletrólitos.
2026-05-06 13:38:44,503 - INFO - Extracting: ESPECIFICAÇÃO TÉCNICA
2026-05-06 13:38:46,751 - INFO -   OK: 1. Trata-se da contratação de empresa para fornecimento cont...
2026-05-06 13:38:46,751 - INFO - Extracting: QUALIFICAÇÃO TÉCNICA
2026-05-06 13:38:48,976 - INFO -   OK: A título de qualificação técnica, as empresas deverão aprese...
2026-05-06 13:38:48,976 - INFO - Extracting: GLOSAS
2026-05-06 13:38:51,202 - INFO -   OK: Não se aplica
2026-05-06 13:38:51,202 - INFO - Extracting: SLA (ACORDO DE NÍVEL DE SERVIÇO)
2026-05-06 13:38:53,434 - INFO -   OK: Não se aplica.
2026-05-06 13:38:53,434 - INFO - Modal fields filled: 5/5
2026-05-06 13:38:53,434 - INFO - ============================================================
2026-05-06 13:38:53,434 - INFO - EXTRACTING TABLE ITEMS
2026-05-06 13:38:53,434 - INFO - ============================================================
2026-05-06 13:38:53,434 - INFO - Page 1:
2026-05-06 13:38:53,657 - INFO -   Found 5 items on this page
2026-05-06 13:38:53,657 - INFO -   Navigating to next page...
2026-05-06 13:38:55,251 - INFO - Page 2:
2026-05-06 13:38:55,472 - INFO -   Found 5 items on this page
2026-05-06 13:38:55,487 - INFO -   Navigating to next page...
2026-05-06 13:38:57,068 - INFO - Page 3:
2026-05-06 13:38:57,295 - INFO -   Found 5 items on this page
2026-05-06 13:38:57,305 - INFO -   Navigating to next page...
2026-05-06 13:38:58,875 - INFO - Page 4:
2026-05-06 13:38:58,981 - INFO -   Found 2 items on this page
2026-05-06 13:38:58,981 - INFO -   No more pages (Next button not found)
2026-05-06 13:38:58,981 - INFO - ============================================================
2026-05-06 13:38:58,981 - INFO - Total items extracted: 17 (in 4 page(s))
2026-05-06 13:38:58,996 - INFO - Extracting Históricos Observação de Revisões...
2026-05-06 13:38:59,009 - INFO -   Found 3 histórico entries
2026-05-06 13:38:59,009 - INFO - Data changed for CTP04.2026.ABR.03561, setting Situação to 'ANÁLISE INICIADA'
2026-05-06 13:38:59,009 - INFO - ============================================================
2026-05-06 13:38:59,009 - INFO - SUMMARY - Request 1
2026-05-06 13:38:59,009 - INFO - ============================================================
2026-05-06 13:38:59,009 - INFO -   Entidade: CENTRO ESTADUAL DE REABILITAÇÃO E READAPTAÇÃO DR HENRIQUE SANTILLO
2026-05-06 13:38:59,017 - INFO -   Nº SC: CTP04.2026.ABR.03561
2026-05-06 13:38:59,017 - INFO -   Título: CONTRATAÇÃO DE EMPRESA PARA FORNECIMENTO CONTINUO ...
2026-05-06 13:38:59,017 - INFO -   Fields filled: 36/38
2026-05-06 13:38:59,017 - INFO -   Situação: ANÁLISE INICIADA
2026-05-06 13:38:59,017 - INFO -   Items: 17
2026-05-06 13:38:59,017 - INFO -   Histórico entries: 3
2026-05-06 13:38:59,017 - INFO - Updating existing data in spreadsheet...
2026-05-06 13:38:59,271 - INFO - Data updated in spreadsheet at row 48
2026-05-06 13:38:59,271 - INFO - Updated data successfully!
2026-05-06 13:38:59,271 - INFO - Closing popup...
2026-05-06 13:39:00,389 - INFO - Returned to main window
2026-05-06 13:39:01,390 - INFO - [UPDATED] Process CTP04.2026.ABR.03561 updated. (Total updated: 11)
2026-05-06 13:39:02,392 - INFO - 
>>> Attempting to process item 2 (Page 3) <<<
2026-05-06 13:39:02,392 - INFO - ################################################################################
2026-05-06 13:39:02,392 - INFO - PROCESSING REQUEST 2 (table row 3)
2026-05-06 13:39:02,392 - INFO - ################################################################################
2026-05-06 13:39:02,397 - INFO - Extracting listing fields (item 1)...
2026-05-06 13:39:02,486 - INFO - Process CTS87.2026.ABR.00376 exists in spreadsheet. Will open and check for updates...
2026-05-06 13:39:02,486 - INFO - Clicking link to open details...
2026-05-06 13:39:02,868 - INFO - Waiting for new window to open...
2026-05-06 13:39:04,871 - INFO - Switched to popup window
2026-05-06 13:39:06,886 - INFO - Page loaded successfully!
2026-05-06 13:39:06,886 - INFO - ============================================================
2026-05-06 13:39:06,886 - INFO - EXTRACTING REQUEST DATA
2026-05-06 13:39:06,886 - INFO - ============================================================
2026-05-06 13:39:06,886 - INFO - Extracting request fields...
2026-05-06 13:39:07,496 - INFO - ============================================================
2026-05-06 13:39:07,496 - INFO - EXTRACTING MODAL FIELDS
2026-05-06 13:39:07,496 - INFO - ============================================================
2026-05-06 13:39:07,496 - INFO - Extracting: OBJETO DO CONTRATO
2026-05-06 13:39:45,027 - INFO -   Empty/Not found
2026-05-06 13:39:45,027 - INFO - Extracting: ESPECIFICAÇÃO TÉCNICA
2026-05-06 13:39:49,224 - INFO -   OK: ESPECIFICIDADES DA CONTRATAÇÃO Contratação de empresa para p...
2026-05-06 13:39:49,229 - INFO - Extracting: QUALIFICAÇÃO TÉCNICA
2026-05-06 13:39:51,514 - INFO -   OK: Para fins de qualificação técnico-operacional: a)Atestado de...
2026-05-06 13:39:51,514 - INFO - Extracting: GLOSAS
2026-05-06 13:39:53,710 - INFO -   OK: NÃO HÁ.
2026-05-06 13:39:53,710 - INFO - Extracting: SLA (ACORDO DE NÍVEL DE SERVIÇO)
2026-05-06 13:39:56,165 - INFO -   OK: 1. DISPOSIÇÕES GERAIS: 1.1. Fica estabelecido entre as parte...
2026-05-06 13:39:56,165 - INFO - Modal fields filled: 4/5
2026-05-06 13:39:56,165 - INFO - ============================================================
2026-05-06 13:39:56,165 - INFO - EXTRACTING TABLE ITEMS
2026-05-06 13:39:56,165 - INFO - ============================================================
2026-05-06 13:39:56,165 - INFO - Page 1:
2026-05-06 13:39:56,313 - INFO -   Found 2 items on this page
2026-05-06 13:39:56,321 - INFO -   No more pages (Next button not found)
2026-05-06 13:39:56,321 - INFO - ============================================================
2026-05-06 13:39:56,321 - INFO - Total items extracted: 2 (in 1 page(s))
2026-05-06 13:39:56,321 - INFO - Extracting Históricos Observação de Revisões...
2026-05-06 13:39:56,371 - INFO -   Found 3 histórico entries
2026-05-06 13:39:56,371 - INFO - No changes detected for CTS87.2026.ABR.00376, keeping existing Situação
2026-05-06 13:39:56,371 - INFO - ============================================================
2026-05-06 13:39:56,371 - INFO - SUMMARY - Request 2
2026-05-06 13:39:56,371 - INFO - ============================================================
2026-05-06 13:39:56,371 - INFO -   Entidade: UNIDADE I - HOSPITAL REGIONAL DR. ANTÔNIO FONTES
2026-05-06 13:39:56,371 - INFO -   Nº SC: CTS87.2026.ABR.00376
2026-05-06 13:39:56,371 - INFO -   Título: CONTRATAÇÃO DE EMPRESA PARA PRESTAÇÃO DE SERVIÇOS ...
2026-05-06 13:39:56,371 - INFO -   Fields filled: 37/38
2026-05-06 13:39:56,371 - INFO -   Situação: ANÁLISE INICIADA
2026-05-06 13:39:56,371 - INFO -   Items: 2
2026-05-06 13:39:56,386 - INFO -   Histórico entries: 3
2026-05-06 13:39:56,386 - INFO - Updating existing data in spreadsheet...
2026-05-06 13:39:56,761 - INFO - Data updated in spreadsheet at row 42
2026-05-06 13:39:56,761 - INFO - Updated data successfully!
2026-05-06 13:39:56,761 - INFO - Closing popup...
2026-05-06 13:39:57,877 - INFO - Returned to main window
2026-05-06 13:39:58,880 - INFO - [UPDATED] Process CTS87.2026.ABR.00376 updated. (Total updated: 12)
2026-05-06 13:39:59,881 - INFO - 
>>> Attempting to process item 3 (Page 3) <<<
2026-05-06 13:39:59,881 - INFO - ################################################################################
2026-05-06 13:39:59,881 - INFO - PROCESSING REQUEST 3 (table row 4)
2026-05-06 13:39:59,881 - INFO - ################################################################################
2026-05-06 13:39:59,886 - INFO - Extracting listing fields (item 2)...
2026-05-06 13:39:59,922 - INFO - Process CTS03.2026.ABR.00535 exists in spreadsheet. Will open and check for updates...
2026-05-06 13:39:59,922 - INFO - Clicking link to open details...
2026-05-06 13:40:00,335 - INFO - Waiting for new window to open...
2026-05-06 13:40:02,341 - INFO - Switched to popup window
2026-05-06 13:40:04,347 - INFO - Page loaded successfully!
2026-05-06 13:40:04,347 - INFO - ============================================================
2026-05-06 13:40:04,347 - INFO - EXTRACTING REQUEST DATA
2026-05-06 13:40:04,347 - INFO - ============================================================
2026-05-06 13:40:04,347 - INFO - Extracting request fields...
2026-05-06 13:40:04,886 - INFO - ============================================================
2026-05-06 13:40:04,886 - INFO - EXTRACTING MODAL FIELDS
2026-05-06 13:40:04,886 - INFO - ============================================================
2026-05-06 13:40:04,886 - INFO - Extracting: OBJETO DO CONTRATO
2026-05-06 13:40:07,121 - INFO -   OK: Trata-se da contratação de empresa com especialistas na área...
2026-05-06 13:40:07,121 - INFO - Extracting: ESPECIFICAÇÃO TÉCNICA
2026-05-06 13:40:09,566 - INFO -   OK: Trata-se da contratação de empresa com especialistas para pr...
2026-05-06 13:40:09,566 - INFO - Extracting: QUALIFICAÇÃO TÉCNICA
2026-05-06 13:40:11,787 - INFO -   OK: A título de qualificação técnico-operacional, as empresas de...
2026-05-06 13:40:11,787 - INFO - Extracting: GLOSAS
2026-05-06 13:40:13,985 - INFO -   OK: N/A
2026-05-06 13:40:13,985 - INFO - Extracting: SLA (ACORDO DE NÍVEL DE SERVIÇO)
2026-05-06 13:40:16,271 - INFO -   OK: 1. DISPOSIÇÕES GERAIS: 1.1. . Fica estabelecido entre as par...
2026-05-06 13:40:16,271 - INFO - Modal fields filled: 5/5
2026-05-06 13:40:16,271 - INFO - ============================================================
2026-05-06 13:40:16,271 - INFO - EXTRACTING TABLE ITEMS
2026-05-06 13:40:16,271 - INFO - ============================================================
2026-05-06 13:40:16,271 - INFO - Page 1:
2026-05-06 13:40:16,497 - INFO -   Found 5 items on this page
2026-05-06 13:40:16,497 - INFO -   Navigating to next page...
2026-05-06 13:40:18,070 - INFO - Page 2:
2026-05-06 13:40:18,289 - INFO -   Found 5 items on this page
2026-05-06 13:40:18,289 - INFO -   Navigating to next page...
2026-05-06 13:40:19,868 - INFO - Page 3:
2026-05-06 13:40:19,960 - INFO -   Found 2 items on this page
2026-05-06 13:40:19,966 - INFO -   No more pages (Next button not found)
2026-05-06 13:40:19,966 - INFO - ============================================================
2026-05-06 13:40:19,966 - INFO - Total items extracted: 12 (in 3 page(s))
2026-05-06 13:40:19,966 - INFO - Extracting Históricos Observação de Revisões...
2026-05-06 13:40:19,986 - INFO -   Found 3 histórico entries
2026-05-06 13:40:19,986 - INFO - No changes detected for CTS03.2026.ABR.00535, keeping existing Situação
2026-05-06 13:40:19,986 - INFO - ============================================================
2026-05-06 13:40:19,986 - INFO - SUMMARY - Request 3
2026-05-06 13:40:19,986 - INFO - ============================================================
2026-05-06 13:40:19,986 - INFO -   Entidade: HOSPITAL ESTADUAL DE JATAÍ DR. SERAFIM DE CARVALHO
2026-05-06 13:40:19,986 - INFO -   Nº SC: CTS03.2026.ABR.00535
2026-05-06 13:40:19,986 - INFO -   Título: PRESTAÇÃO DE SERVIÇOS MÉDICOS EM ANESTESIOLOGIA
2026-05-06 13:40:19,986 - INFO -   Fields filled: 37/38
2026-05-06 13:40:19,986 - INFO -   Situação: ANÁLISE INICIADA
2026-05-06 13:40:19,986 - INFO -   Items: 12
2026-05-06 13:40:19,986 - INFO -   Histórico entries: 3
2026-05-06 13:40:19,986 - INFO - Updating existing data in spreadsheet...
2026-05-06 13:40:20,384 - INFO - Data updated in spreadsheet at row 45
2026-05-06 13:40:20,384 - INFO - Updated data successfully!
2026-05-06 13:40:20,384 - INFO - Closing popup...
2026-05-06 13:40:21,490 - INFO - Returned to main window
2026-05-06 13:40:22,494 - INFO - [UPDATED] Process CTS03.2026.ABR.00535 updated. (Total updated: 13)
2026-05-06 13:40:23,495 - INFO - 
>>> Attempting to process item 4 (Page 3) <<<
2026-05-06 13:40:23,495 - INFO - ################################################################################
2026-05-06 13:40:23,495 - INFO - PROCESSING REQUEST 4 (table row 5)
2026-05-06 13:40:23,495 - INFO - ################################################################################
2026-05-06 13:40:23,500 - INFO - Extracting listing fields (item 3)...
2026-05-06 13:40:23,534 - INFO - Process CTS85.2026.ABR.00149 exists in spreadsheet. Will open and check for updates...
2026-05-06 13:40:23,534 - INFO - Clicking link to open details...
2026-05-06 13:40:23,944 - INFO - Waiting for new window to open...
2026-05-06 13:40:25,946 - INFO - Switched to popup window
2026-05-06 13:40:27,953 - INFO - Page loaded successfully!
2026-05-06 13:40:27,958 - INFO - ============================================================
2026-05-06 13:40:27,958 - INFO - EXTRACTING REQUEST DATA
2026-05-06 13:40:27,958 - INFO - ============================================================
2026-05-06 13:40:27,958 - INFO - Extracting request fields...
2026-05-06 13:40:28,533 - INFO - ============================================================
2026-05-06 13:40:28,533 - INFO - EXTRACTING MODAL FIELDS
2026-05-06 13:40:28,533 - INFO - ============================================================
2026-05-06 13:40:28,533 - INFO - Extracting: OBJETO DO CONTRATO
2026-05-06 13:40:30,782 - INFO -   OK: O SLA é um ajuste escrito, anexo ao contrato, entre a CONTRA...
2026-05-06 13:40:30,782 - INFO - Extracting: ESPECIFICAÇÃO TÉCNICA
2026-05-06 13:40:33,071 - INFO -   OK: DESCRIÇÃO DOS SERVIÇOS E VALORES O critério de julgamento pa...
2026-05-06 13:40:33,071 - INFO - Extracting: QUALIFICAÇÃO TÉCNICA
2026-05-06 13:40:35,292 - INFO -   OK: Qualificação Técnica 9.3.1 A título de qualificação técnica,...
2026-05-06 13:40:35,292 - INFO - Extracting: GLOSAS
2026-05-06 13:40:37,593 - INFO -   OK: ACORDO DE NÍVEL DE SERVIÇO – SLA 1. DISPOSIÇÕES GERAIS 1.1 F...
2026-05-06 13:40:37,593 - INFO - Extracting: SLA (ACORDO DE NÍVEL DE SERVIÇO)
2026-05-06 13:40:39,865 - INFO -   OK: ACORDO DE NÍVEL DE SERVIÇO – SLA 1. DISPOSIÇÕES GERAIS 1.1 F...
2026-05-06 13:40:39,865 - INFO - Modal fields filled: 5/5
2026-05-06 13:40:39,865 - INFO - ============================================================
2026-05-06 13:40:39,865 - INFO - EXTRACTING TABLE ITEMS
2026-05-06 13:40:39,865 - INFO - ============================================================
2026-05-06 13:40:39,865 - INFO - Page 1:
2026-05-06 13:40:39,914 - INFO -   Found 1 items on this page
2026-05-06 13:40:39,914 - INFO -   No more pages (Next button not found)
2026-05-06 13:40:39,914 - INFO - ============================================================
2026-05-06 13:40:39,914 - INFO - Total items extracted: 1 (in 1 page(s))
2026-05-06 13:40:39,914 - INFO - Extracting Históricos Observação de Revisões...
2026-05-06 13:40:39,948 - INFO -   Found 3 histórico entries
2026-05-06 13:40:39,950 - INFO - No changes detected for CTS85.2026.ABR.00149, keeping existing Situação
2026-05-06 13:40:39,950 - INFO - ============================================================
2026-05-06 13:40:39,950 - INFO - SUMMARY - Request 4
2026-05-06 13:40:39,950 - INFO - ============================================================
2026-05-06 13:40:39,950 - INFO -   Entidade: UNIDADE DE PRONTO ATENDIMENTO DE SAO PEDRO
2026-05-06 13:40:39,950 - INFO -   Nº SC: CTS85.2026.ABR.00149
2026-05-06 13:40:39,950 - INFO -   Título: CONTRATAÇÃO DE EMPRESA PARA MANUTENÇÃO EM SISTEMAS...
2026-05-06 13:40:39,950 - INFO -   Fields filled: 38/38
2026-05-06 13:40:39,950 - INFO -   Situação: ANÁLISE INICIADA
2026-05-06 13:40:39,950 - INFO -   Items: 1
2026-05-06 13:40:39,950 - INFO -   Histórico entries: 3
2026-05-06 13:40:39,950 - INFO - Updating existing data in spreadsheet...
2026-05-06 13:40:40,263 - INFO - Data updated in spreadsheet at row 16
2026-05-06 13:40:40,263 - INFO - Updated data successfully!
2026-05-06 13:40:40,263 - INFO - Closing popup...
2026-05-06 13:40:41,357 - INFO - Returned to main window
2026-05-06 13:40:42,363 - INFO - [UPDATED] Process CTS85.2026.ABR.00149 updated. (Total updated: 14)
2026-05-06 13:40:43,364 - INFO - 
>>> Attempting to process item 5 (Page 3) <<<
2026-05-06 13:40:43,365 - INFO - ################################################################################
2026-05-06 13:40:43,365 - INFO - PROCESSING REQUEST 5 (table row 6)
2026-05-06 13:40:43,365 - INFO - ################################################################################
2026-05-06 13:40:43,365 - INFO - Extracting listing fields (item 4)...
2026-05-06 13:40:43,433 - INFO - Process CTS87.2026.MAR.00329 exists in spreadsheet. Will open and check for updates...
2026-05-06 13:40:43,433 - INFO - Clicking link to open details...
2026-05-06 13:40:43,823 - INFO - Waiting for new window to open...
2026-05-06 13:40:45,853 - INFO - Switched to popup window
2026-05-06 13:40:47,857 - INFO - Page loaded successfully!
2026-05-06 13:40:47,857 - INFO - ============================================================
2026-05-06 13:40:47,857 - INFO - EXTRACTING REQUEST DATA
2026-05-06 13:40:47,857 - INFO - ============================================================
2026-05-06 13:40:47,857 - INFO - Extracting request fields...
2026-05-06 13:40:48,357 - INFO - ============================================================
2026-05-06 13:40:48,357 - INFO - EXTRACTING MODAL FIELDS
2026-05-06 13:40:48,357 - INFO - ============================================================
2026-05-06 13:40:48,357 - INFO - Extracting: OBJETO DO CONTRATO
2026-05-06 13:40:50,578 - INFO -   OK: Contratação de empresa especializada para prestação de servi...
2026-05-06 13:40:50,578 - INFO - Extracting: ESPECIFICAÇÃO TÉCNICA
2026-05-06 13:40:53,066 - INFO -   OK: Especificação técnica de elevador do HRCAF – Unidade I Ident...
2026-05-06 13:40:53,066 - INFO - Extracting: QUALIFICAÇÃO TÉCNICA
2026-05-06 13:40:55,270 - INFO -   OK: Para fins de qualificação Técnico-operacional: Comprovante d...
2026-05-06 13:40:55,270 - INFO - Extracting: GLOSAS
2026-05-06 13:40:57,476 - INFO -   OK: Conforme SLA.
2026-05-06 13:40:57,476 - INFO - Extracting: SLA (ACORDO DE NÍVEL DE SERVIÇO)
2026-05-06 13:40:59,786 - INFO -   OK: SLA: 1. Fica estabelecido entre as partes Acordo de Nível de...
2026-05-06 13:40:59,786 - INFO - Modal fields filled: 5/5
2026-05-06 13:40:59,786 - INFO - ============================================================
2026-05-06 13:40:59,786 - INFO - EXTRACTING TABLE ITEMS
2026-05-06 13:40:59,786 - INFO - ============================================================
2026-05-06 13:40:59,786 - INFO - Page 1:
2026-05-06 13:40:59,830 - INFO -   Found 1 items on this page
2026-05-06 13:40:59,844 - INFO -   No more pages (Next button not found)
2026-05-06 13:40:59,844 - INFO - ============================================================
2026-05-06 13:40:59,844 - INFO - Total items extracted: 1 (in 1 page(s))
2026-05-06 13:40:59,844 - INFO - Extracting Históricos Observação de Revisões...
2026-05-06 13:40:59,864 - INFO -   Found 3 histórico entries
2026-05-06 13:40:59,864 - INFO - No changes detected for CTS87.2026.MAR.00329, keeping existing Situação
2026-05-06 13:40:59,864 - INFO - ============================================================
2026-05-06 13:40:59,864 - INFO - SUMMARY - Request 5
2026-05-06 13:40:59,864 - INFO - ============================================================
2026-05-06 13:40:59,864 - INFO -   Entidade: UNIDADE I - HOSPITAL REGIONAL DR. ANTÔNIO FONTES
2026-05-06 13:40:59,872 - INFO -   Nº SC: CTS87.2026.MAR.00329
2026-05-06 13:40:59,872 - INFO -   Título: CONTRATAÇÃO DE EMPRESA ESPECIALIZADA PARA PRESTAÇÃ...
2026-05-06 13:40:59,872 - INFO -   Fields filled: 38/38
2026-05-06 13:40:59,872 - INFO -   Situação: SOLICITAÇÃO NOVA
2026-05-06 13:40:59,872 - INFO -   Items: 1
2026-05-06 13:40:59,872 - INFO -   Histórico entries: 3
2026-05-06 13:40:59,876 - INFO - Updating existing data in spreadsheet...
2026-05-06 13:41:00,235 - INFO - Data updated in spreadsheet at row 74
2026-05-06 13:41:00,235 - INFO - Updated data successfully!
2026-05-06 13:41:00,235 - INFO - Closing popup...
2026-05-06 13:41:01,321 - INFO - Returned to main window
2026-05-06 13:41:02,325 - INFO - [UPDATED] Process CTS87.2026.MAR.00329 updated. (Total updated: 15)
2026-05-06 13:41:03,326 - INFO - 
>>> Attempting to process item 6 (Page 3) <<<
2026-05-06 13:41:03,326 - INFO - ################################################################################
2026-05-06 13:41:03,326 - INFO - PROCESSING REQUEST 6 (table row 7)
2026-05-06 13:41:03,326 - INFO - ################################################################################
2026-05-06 13:41:03,328 - INFO - Extracting listing fields (item 5)...
2026-05-06 13:41:03,385 - INFO - Process CTS03.2026.FEV.00373 exists in spreadsheet. Will open and check for updates...
2026-05-06 13:41:03,385 - INFO - Clicking link to open details...
2026-05-06 13:41:03,770 - INFO - Waiting for new window to open...
2026-05-06 13:41:05,799 - INFO - Switched to popup window
2026-05-06 13:41:07,804 - INFO - Page loaded successfully!
2026-05-06 13:41:07,804 - INFO - ============================================================
2026-05-06 13:41:07,804 - INFO - EXTRACTING REQUEST DATA
2026-05-06 13:41:07,804 - INFO - ============================================================
2026-05-06 13:41:07,804 - INFO - Extracting request fields...
2026-05-06 13:41:08,295 - INFO - ============================================================
2026-05-06 13:41:08,295 - INFO - EXTRACTING MODAL FIELDS
2026-05-06 13:41:08,295 - INFO - ============================================================
2026-05-06 13:41:08,295 - INFO - Extracting: OBJETO DO CONTRATO
2026-05-06 13:41:10,525 - INFO -   OK: Trata-se de contratação de prestação de serviço para coleta,...
2026-05-06 13:41:10,525 - INFO - Extracting: ESPECIFICAÇÃO TÉCNICA
2026-05-06 13:41:13,335 - INFO -   OK: ESPECIFICIDADES DA CONTRATAÇÃO Trata-se de contratação de se...
2026-05-06 13:41:13,335 - INFO - Extracting: QUALIFICAÇÃO TÉCNICA
2026-05-06 13:41:15,583 - INFO -   OK: 9.4.1.1 Para fins de qualificação técnico-operacional: No mí...
2026-05-06 13:41:15,583 - INFO - Extracting: GLOSAS
2026-05-06 13:41:17,813 - INFO -   OK: CLÁUSULA OITAVA – DA GLOSA A CONTRATANTE poderá efetuar a re...
2026-05-06 13:41:17,813 - INFO - Extracting: SLA (ACORDO DE NÍVEL DE SERVIÇO)
2026-05-06 13:41:20,123 - INFO -   OK: ACORDO DE NÍVEL DE SERVIÇO – SLA 1. DISPOSIÇÕES GERAIS: 1.1....
2026-05-06 13:41:20,123 - INFO - Modal fields filled: 5/5
2026-05-06 13:41:20,123 - INFO - ============================================================
2026-05-06 13:41:20,123 - INFO - EXTRACTING TABLE ITEMS
2026-05-06 13:41:20,123 - INFO - ============================================================
2026-05-06 13:41:20,123 - INFO - Page 1:
2026-05-06 13:41:20,179 - INFO -   Found 1 items on this page
2026-05-06 13:41:20,179 - INFO -   No more pages (Next button not found)
2026-05-06 13:41:20,179 - INFO - ============================================================
2026-05-06 13:41:20,179 - INFO - Total items extracted: 1 (in 1 page(s))
2026-05-06 13:41:20,179 - INFO - Extracting Históricos Observação de Revisões...
2026-05-06 13:41:20,210 - INFO -   Found 5 histórico entries
2026-05-06 13:41:20,210 - INFO - No changes detected for CTS03.2026.FEV.00373, keeping existing Situação
2026-05-06 13:41:20,210 - INFO - ============================================================
2026-05-06 13:41:20,210 - INFO - SUMMARY - Request 6
2026-05-06 13:41:20,210 - INFO - ============================================================
2026-05-06 13:41:20,210 - INFO -   Entidade: HOSPITAL ESTADUAL DE JATAÍ DR. SERAFIM DE CARVALHO
2026-05-06 13:41:20,210 - INFO -   Nº SC: CTS03.2026.FEV.00373
2026-05-06 13:41:20,210 - INFO -   Título: COLETA E ANÁLISE DE ÁGUA
2026-05-06 13:41:20,210 - INFO -   Fields filled: 37/38
2026-05-06 13:41:20,210 - INFO -   Situação: SOLICITAÇÃO NOVA
2026-05-06 13:41:20,210 - INFO -   Items: 1
2026-05-06 13:41:20,210 - INFO -   Histórico entries: 5
2026-05-06 13:41:20,210 - INFO - Updating existing data in spreadsheet...
2026-05-06 13:41:20,507 - INFO - Data updated in spreadsheet at row 75
2026-05-06 13:41:20,507 - INFO - Updated data successfully!
2026-05-06 13:41:20,507 - INFO - Closing popup...
2026-05-06 13:41:21,625 - INFO - Returned to main window
2026-05-06 13:41:22,632 - INFO - [UPDATED] Process CTS03.2026.FEV.00373 updated. (Total updated: 16)
2026-05-06 13:41:23,633 - INFO - 
>>> Attempting to process item 7 (Page 3) <<<
2026-05-06 13:41:23,633 - INFO - ################################################################################
2026-05-06 13:41:23,633 - INFO - PROCESSING REQUEST 7 (table row 8)
2026-05-06 13:41:23,633 - INFO - ################################################################################
2026-05-06 13:41:28,733 - WARNING - Item 7 not found on this page
2026-05-06 13:41:28,733 - ERROR - Error accessing item 7 (table row 8): Element not found at XPath: //*[@id="p1_cph1_SCs_GdSCs_GdSCs_Lkb_Sc_6"]
2026-05-06 13:41:28,733 - INFO - Item 7 not found. Checking if this is the last page...
2026-05-06 13:41:28,733 - INFO - Next button not found - last page reached
2026-05-06 13:41:28,733 - INFO - Confirmed: This is the last page and there are no more items.
2026-05-06 13:41:28,733 - INFO - Ending processing...
2026-05-06 13:41:28,733 - INFO - Processing completed - termination condition met!
2026-05-06 13:41:28,733 - INFO - ================================================================================
2026-05-06 13:41:28,733 - INFO - CHECKING FOR PROCESSES THAT LEFT SEGECON
2026-05-06 13:41:28,742 - INFO - ================================================================================
2026-05-06 13:41:28,742 - INFO - Found 58 processes that are no longer in ecompras
2026-05-06 13:41:28,742 - INFO - Marking CTS28.2026.MAR.01891 as 'SOLICITAÇÃO SAIU DA SEGECON'...
2026-05-06 13:41:29,305 - INFO - Process CTS28.2026.MAR.01891 marked as 'SOLICITAÇÃO SAIU DA SEGECON' at row 2
2026-05-06 13:41:29,321 - INFO - Marking CTPS28.2026.ABR.01935 as 'SOLICITAÇÃO SAIU DA SEGECON'...
2026-05-06 13:41:29,924 - INFO - Process CTPS28.2026.ABR.01935 marked as 'SOLICITAÇÃO SAIU DA SEGECON' at row 50
2026-05-06 13:41:29,924 - INFO - Marking CTS03.2026.JAN.00256 as 'SOLICITAÇÃO SAIU DA SEGECON'...
2026-05-06 13:41:30,551 - INFO - Process CTS03.2026.JAN.00256 marked as 'SOLICITAÇÃO SAIU DA SEGECON' at row 41
2026-05-06 13:41:30,551 - INFO - Marking CTS99.2026.ABR.01995 as 'SOLICITAÇÃO SAIU DA SEGECON'...
2026-05-06 13:41:31,153 - INFO - Process CTS99.2026.ABR.01995 marked as 'SOLICITAÇÃO SAIU DA SEGECON' at row 68
2026-05-06 13:41:31,153 - INFO - Marking CTS85.2026.ABR.00161 as 'SOLICITAÇÃO SAIU DA SEGECON'...
2026-05-06 13:41:31,770 - INFO - Process CTS85.2026.ABR.00161 marked as 'SOLICITAÇÃO SAIU DA SEGECON' at row 22
2026-05-06 13:41:31,770 - INFO - Marking CTS08.2026.FEV.02076 as 'SOLICITAÇÃO SAIU DA SEGECON'...
2026-05-06 13:41:32,697 - INFO - Process CTS08.2026.FEV.02076 marked as 'SOLICITAÇÃO SAIU DA SEGECON' at row 31
2026-05-06 13:41:32,697 - INFO - Marking CTS87.2026.MAR.00292 as 'SOLICITAÇÃO SAIU DA SEGECON'...
2026-05-06 13:41:33,298 - INFO - Process CTS87.2026.MAR.00292 marked as 'SOLICITAÇÃO SAIU DA SEGECON' at row 18
2026-05-06 13:41:33,298 - INFO - Marking CTS29.2026.FEV.02802 as 'SOLICITAÇÃO SAIU DA SEGECON'...
2026-05-06 13:41:33,872 - INFO - Process CTS29.2026.FEV.02802 marked as 'SOLICITAÇÃO SAIU DA SEGECON' at row 60
2026-05-06 13:41:33,872 - INFO - Marking CTS28.2026.ABR.01976 as 'SOLICITAÇÃO SAIU DA SEGECON'...
2026-05-06 13:41:34,474 - INFO - Process CTS28.2026.ABR.01976 marked as 'SOLICITAÇÃO SAIU DA SEGECON' at row 49
2026-05-06 13:41:34,474 - INFO - Marking CTS14.2026.JAN.00109 as 'SOLICITAÇÃO SAIU DA SEGECON'...
2026-05-06 13:41:35,018 - INFO - Process CTS14.2026.JAN.00109 marked as 'SOLICITAÇÃO SAIU DA SEGECON' at row 47
2026-05-06 13:41:35,018 - INFO - Marking CTP01.2026.ABR.03655 as 'SOLICITAÇÃO SAIU DA SEGECON'...
2026-05-06 13:41:35,636 - INFO - Process CTP01.2026.ABR.03655 marked as 'SOLICITAÇÃO SAIU DA SEGECON' at row 20
2026-05-06 13:41:35,646 - INFO - Marking CTS87.2026.ABR.00394 as 'SOLICITAÇÃO SAIU DA SEGECON'...
2026-05-06 13:41:36,123 - INFO - Process CTS87.2026.ABR.00394 marked as 'SOLICITAÇÃO SAIU DA SEGECON' at row 66
2026-05-06 13:41:36,123 - INFO - Marking CTS87.2026.MAR.00314 as 'SOLICITAÇÃO SAIU DA SEGECON'...
2026-05-06 13:41:37,255 - INFO - Process CTS87.2026.MAR.00314 marked as 'SOLICITAÇÃO SAIU DA SEGECON' at row 17
2026-05-06 13:41:37,256 - INFO - Marking CTS85.2026.MAR.00140 as 'SOLICITAÇÃO SAIU DA SEGECON'...
2026-05-06 13:41:37,826 - INFO - Process CTS85.2026.MAR.00140 marked as 'SOLICITAÇÃO SAIU DA SEGECON' at row 35
2026-05-06 13:41:37,826 - INFO - Marking CTS88.2026.ABR.00693 as 'SOLICITAÇÃO SAIU DA SEGECON'...
2026-05-06 13:41:38,743 - INFO - Process CTS88.2026.ABR.00693 marked as 'SOLICITAÇÃO SAIU DA SEGECON' at row 67
2026-05-06 13:41:38,743 - INFO - Marking CTP28.2026.ABR.01935 as 'SOLICITAÇÃO SAIU DA SEGECON'...
2026-05-06 13:41:39,354 - INFO - Process CTP28.2026.ABR.01935 marked as 'SOLICITAÇÃO SAIU DA SEGECON' at row 23
2026-05-06 13:41:39,354 - INFO - Marking CTP03.2026.FEV.00382 as 'SOLICITAÇÃO SAIU DA SEGECON'...
2026-05-06 13:41:39,972 - INFO - Process CTP03.2026.FEV.00382 marked as 'SOLICITAÇÃO SAIU DA SEGECON' at row 28
2026-05-06 13:41:39,972 - INFO - Marking CTP01.2026.ABR.03687 as 'SOLICITAÇÃO SAIU DA SEGECON'...
2026-05-06 13:41:40,805 - INFO - Process CTP01.2026.ABR.03687 marked as 'SOLICITAÇÃO SAIU DA SEGECON' at row 37
2026-05-06 13:41:40,805 - INFO - Marking CTS02.2026.ABR.00520 as 'SOLICITAÇÃO SAIU DA SEGECON'...
2026-05-06 13:41:41,294 - INFO - Process CTS02.2026.ABR.00520 marked as 'SOLICITAÇÃO SAIU DA SEGECON' at row 39
2026-05-06 13:41:41,294 - INFO - Marking CTS02.2026.ABR.00508 as 'SOLICITAÇÃO SAIU DA SEGECON'...
2026-05-06 13:41:41,913 - INFO - Process CTS02.2026.ABR.00508 marked as 'SOLICITAÇÃO SAIU DA SEGECON' at row 7
2026-05-06 13:41:41,913 - INFO - Marking CTP29.2026.ABR.02944 as 'SOLICITAÇÃO SAIU DA SEGECON'...
2026-05-06 13:41:42,526 - INFO - Process CTP29.2026.ABR.02944 marked as 'SOLICITAÇÃO SAIU DA SEGECON' at row 12
2026-05-06 13:41:42,526 - INFO - Marking CTS88.2026.ABR.00659 as 'SOLICITAÇÃO SAIU DA SEGECON'...
2026-05-06 13:41:43,136 - INFO - Process CTS88.2026.ABR.00659 marked as 'SOLICITAÇÃO SAIU DA SEGECON' at row 58
2026-05-06 13:41:43,136 - INFO - Marking CTS30.2026.ABR.00955 as 'SOLICITAÇÃO SAIU DA SEGECON'...
2026-05-06 13:41:43,649 - INFO - Process CTS30.2026.ABR.00955 marked as 'SOLICITAÇÃO SAIU DA SEGECON' at row 46
2026-05-06 13:41:43,649 - INFO - Marking CTS02.2025.SET.00198 as 'SOLICITAÇÃO SAIU DA SEGECON'...
2026-05-06 13:41:44,266 - INFO - Process CTS02.2025.SET.00198 marked as 'SOLICITAÇÃO SAIU DA SEGECON' at row 19
2026-05-06 13:41:44,266 - INFO - Marking CTP08.2026.ABR.106611 as 'SOLICITAÇÃO SAIU DA SEGECON'...
2026-05-06 13:41:44,755 - INFO - Process CTP08.2026.ABR.106611 marked as 'SOLICITAÇÃO SAIU DA SEGECON' at row 71
2026-05-06 13:41:44,755 - INFO - Marking CTS99.2026.MAR.01936 as 'SOLICITAÇÃO SAIU DA SEGECON'...
2026-05-06 13:41:45,328 - INFO - Process CTS99.2026.MAR.01936 marked as 'SOLICITAÇÃO SAIU DA SEGECON' at row 21
2026-05-06 13:41:45,328 - INFO - Marking CTS28.2026.MAR.01790 as 'SOLICITAÇÃO SAIU DA SEGECON'...
2026-05-06 13:41:46,129 - INFO - Process CTS28.2026.MAR.01790 marked as 'SOLICITAÇÃO SAIU DA SEGECON' at row 40
2026-05-06 13:41:46,129 - INFO - Marking CTS30.2026.ABR.01116 as 'SOLICITAÇÃO SAIU DA SEGECON'...
2026-05-06 13:41:46,746 - INFO - Process CTS30.2026.ABR.01116 marked as 'SOLICITAÇÃO SAIU DA SEGECON' at row 62
2026-05-06 13:41:46,746 - INFO - Marking CTP88.2026.ABR.00658 as 'SOLICITAÇÃO SAIU DA SEGECON'...
2026-05-06 13:41:47,260 - INFO - Process CTP88.2026.ABR.00658 marked as 'SOLICITAÇÃO SAIU DA SEGECON' at row 44
2026-05-06 13:41:47,260 - INFO - Marking CTP28.2026.FEV.01698 as 'SOLICITAÇÃO SAIU DA SEGECON'...
2026-05-06 13:41:47,831 - INFO - Process CTP28.2026.FEV.01698 marked as 'SOLICITAÇÃO SAIU DA SEGECON' at row 30
2026-05-06 13:41:47,831 - INFO - Marking CTS28.2026.ABR.01920 as 'SOLICITAÇÃO SAIU DA SEGECON'...
2026-05-06 13:41:48,432 - INFO - Process CTS28.2026.ABR.01920 marked as 'SOLICITAÇÃO SAIU DA SEGECON' at row 34
2026-05-06 13:41:48,432 - INFO - Marking CTS86.2026.MAR.00159 as 'SOLICITAÇÃO SAIU DA SEGECON'...
2026-05-06 13:41:49,503 - INFO - Process CTS86.2026.MAR.00159 marked as 'SOLICITAÇÃO SAIU DA SEGECON' at row 36
2026-05-06 13:41:49,503 - INFO - Marking CTS86.2026.ABR.00207 as 'SOLICITAÇÃO SAIU DA SEGECON'...
2026-05-06 13:41:49,704 - ERROR - Error marking process as left: {'code': 429, 'message': "Quota exceeded for quota metric 'Write requests' and limit 'Write requests per minute per user' of service 'sheets.googleapis.com' for consumer 'project_number:110493255608'.", 'status': 'RESOURCE_EXHAUSTED', 'details': [{'@type': 'type.googleapis.com/google.rpc.ErrorInfo', 'reason': 'RATE_LIMIT_EXCEEDED', 'domain': 'googleapis.com', 'metadata': {'quota_unit': '1/min/{project}/{user}', 'quota_metric': 'sheets.googleapis.com/write_requests', 'service': 'sheets.googleapis.com', 'quota_location': 'global', 'quota_limit_value': '60', 'consumer': 'projects/110493255608', 'quota_limit': 'WriteRequestsPerMinutePerUser'}}, {'@type': 'type.googleapis.com/google.rpc.Help', 'links': [{'description': 'Request a higher quota limit.', 'url': 'https://cloud.google.com/docs/quotas/help/request_increase'}]}]}
2026-05-06 13:41:49,704 - ERROR - Failed to mark CTS86.2026.ABR.00207 as left
2026-05-06 13:41:49,704 - INFO - Marking CTS28.2026.ABR.02000 as 'SOLICITAÇÃO SAIU DA SEGECON'...
2026-05-06 13:41:49,995 - ERROR - Error marking process as left: {'code': 429, 'message': "Quota exceeded for quota metric 'Write requests' and limit 'Write requests per minute per user' of service 'sheets.googleapis.com' for consumer 'project_number:110493255608'.", 'status': 'RESOURCE_EXHAUSTED', 'details': [{'@type': 'type.googleapis.com/google.rpc.ErrorInfo', 'reason': 'RATE_LIMIT_EXCEEDED', 'domain': 'googleapis.com', 'metadata': {'quota_unit': '1/min/{project}/{user}', 'quota_metric': 'sheets.googleapis.com/write_requests', 'service': 'sheets.googleapis.com', 'quota_location': 'global', 'quota_limit_value': '60', 'consumer': 'projects/110493255608', 'quota_limit': 'WriteRequestsPerMinutePerUser'}}, {'@type': 'type.googleapis.com/google.rpc.Help', 'links': [{'description': 'Request a higher quota limit.', 'url': 'https://cloud.google.com/docs/quotas/help/request_increase'}]}]}
2026-05-06 13:41:49,995 - ERROR - Failed to mark CTS28.2026.ABR.02000 as left
2026-05-06 13:41:49,995 - INFO - Marking CTS04.2026.ABR.03494 as 'SOLICITAÇÃO SAIU DA SEGECON'...
2026-05-06 13:41:50,197 - ERROR - Error marking process as left: {'code': 429, 'message': "Quota exceeded for quota metric 'Write requests' and limit 'Write requests per minute per user' of service 'sheets.googleapis.com' for consumer 'project_number:110493255608'.", 'status': 'RESOURCE_EXHAUSTED', 'details': [{'@type': 'type.googleapis.com/google.rpc.ErrorInfo', 'reason': 'RATE_LIMIT_EXCEEDED', 'domain': 'googleapis.com', 'metadata': {'quota_unit': '1/min/{project}/{user}', 'quota_metric': 'sheets.googleapis.com/write_requests', 'service': 'sheets.googleapis.com', 'quota_location': 'global', 'quota_limit_value': '60', 'consumer': 'projects/110493255608', 'quota_limit': 'WriteRequestsPerMinutePerUser'}}, {'@type': 'type.googleapis.com/google.rpc.Help', 'links': [{'description': 'Request a higher quota limit.', 'url': 'https://cloud.google.com/docs/quotas/help/request_increase'}]}]}
2026-05-06 13:41:50,197 - ERROR - Failed to mark CTS04.2026.ABR.03494 as left
2026-05-06 13:41:50,197 - INFO - Marking CTP01.2026.ABR.03681 as 'SOLICITAÇÃO SAIU DA SEGECON'...
2026-05-06 13:41:50,414 - ERROR - Error marking process as left: {'code': 429, 'message': "Quota exceeded for quota metric 'Write requests' and limit 'Write requests per minute per user' of service 'sheets.googleapis.com' for consumer 'project_number:110493255608'.", 'status': 'RESOURCE_EXHAUSTED', 'details': [{'@type': 'type.googleapis.com/google.rpc.ErrorInfo', 'reason': 'RATE_LIMIT_EXCEEDED', 'domain': 'googleapis.com', 'metadata': {'quota_unit': '1/min/{project}/{user}', 'quota_metric': 'sheets.googleapis.com/write_requests', 'service': 'sheets.googleapis.com', 'quota_location': 'global', 'quota_limit_value': '60', 'consumer': 'projects/110493255608', 'quota_limit': 'WriteRequestsPerMinutePerUser'}}, {'@type': 'type.googleapis.com/google.rpc.Help', 'links': [{'description': 'Request a higher quota limit.', 'url': 'https://cloud.google.com/docs/quotas/help/request_increase'}]}]}
2026-05-06 13:41:50,414 - ERROR - Failed to mark CTP01.2026.ABR.03681 as left
2026-05-06 13:41:50,414 - INFO - Marking CTS02.2026.ABR.00511 as 'SOLICITAÇÃO SAIU DA SEGECON'...
2026-05-06 13:41:50,872 - ERROR - Error marking process as left: {'code': 429, 'message': "Quota exceeded for quota metric 'Write requests' and limit 'Write requests per minute per user' of service 'sheets.googleapis.com' for consumer 'project_number:110493255608'.", 'status': 'RESOURCE_EXHAUSTED', 'details': [{'@type': 'type.googleapis.com/google.rpc.ErrorInfo', 'reason': 'RATE_LIMIT_EXCEEDED', 'domain': 'googleapis.com', 'metadata': {'quota_unit': '1/min/{project}/{user}', 'quota_metric': 'sheets.googleapis.com/write_requests', 'service': 'sheets.googleapis.com', 'quota_location': 'global', 'quota_limit_value': '60', 'consumer': 'projects/110493255608', 'quota_limit': 'WriteRequestsPerMinutePerUser'}}, {'@type': 'type.googleapis.com/google.rpc.Help', 'links': [{'description': 'Request a higher quota limit.', 'url': 'https://cloud.google.com/docs/quotas/help/request_increase'}]}]}
2026-05-06 13:41:50,872 - ERROR - Failed to mark CTS02.2026.ABR.00511 as left
2026-05-06 13:41:50,872 - INFO - Marking CTS99.2026.MAR.01899 as 'SOLICITAÇÃO SAIU DA SEGECON'...
2026-05-06 13:41:51,130 - ERROR - Error marking process as left: {'code': 429, 'message': "Quota exceeded for quota metric 'Write requests' and limit 'Write requests per minute per user' of service 'sheets.googleapis.com' for consumer 'project_number:110493255608'.", 'status': 'RESOURCE_EXHAUSTED', 'details': [{'@type': 'type.googleapis.com/google.rpc.ErrorInfo', 'reason': 'RATE_LIMIT_EXCEEDED', 'domain': 'googleapis.com', 'metadata': {'quota_unit': '1/min/{project}/{user}', 'quota_metric': 'sheets.googleapis.com/write_requests', 'service': 'sheets.googleapis.com', 'quota_location': 'global', 'quota_limit_value': '60', 'consumer': 'projects/110493255608', 'quota_limit': 'WriteRequestsPerMinutePerUser'}}, {'@type': 'type.googleapis.com/google.rpc.Help', 'links': [{'description': 'Request a higher quota limit.', 'url': 'https://cloud.google.com/docs/quotas/help/request_increase'}]}]}
2026-05-06 13:41:51,130 - ERROR - Failed to mark CTS99.2026.MAR.01899 as left
2026-05-06 13:41:51,130 - INFO - Marking CTS28.2026.ABR.01900 as 'SOLICITAÇÃO SAIU DA SEGECON'...
2026-05-06 13:41:51,430 - ERROR - Error marking process as left: {'code': 429, 'message': "Quota exceeded for quota metric 'Write requests' and limit 'Write requests per minute per user' of service 'sheets.googleapis.com' for consumer 'project_number:110493255608'.", 'status': 'RESOURCE_EXHAUSTED', 'details': [{'@type': 'type.googleapis.com/google.rpc.ErrorInfo', 'reason': 'RATE_LIMIT_EXCEEDED', 'domain': 'googleapis.com', 'metadata': {'quota_unit': '1/min/{project}/{user}', 'quota_metric': 'sheets.googleapis.com/write_requests', 'service': 'sheets.googleapis.com', 'quota_location': 'global', 'quota_limit_value': '60', 'consumer': 'projects/110493255608', 'quota_limit': 'WriteRequestsPerMinutePerUser'}}, {'@type': 'type.googleapis.com/google.rpc.Help', 'links': [{'description': 'Request a higher quota limit.', 'url': 'https://cloud.google.com/docs/quotas/help/request_increase'}]}]}
2026-05-06 13:41:51,446 - ERROR - Failed to mark CTS28.2026.ABR.01900 as left
2026-05-06 13:41:51,446 - INFO - Marking CTS29.2026.FEV.02736 as 'SOLICITAÇÃO SAIU DA SEGECON'...
2026-05-06 13:41:51,614 - ERROR - Error marking process as left: {'code': 429, 'message': "Quota exceeded for quota metric 'Write requests' and limit 'Write requests per minute per user' of service 'sheets.googleapis.com' for consumer 'project_number:110493255608'.", 'status': 'RESOURCE_EXHAUSTED', 'details': [{'@type': 'type.googleapis.com/google.rpc.ErrorInfo', 'reason': 'RATE_LIMIT_EXCEEDED', 'domain': 'googleapis.com', 'metadata': {'quota_unit': '1/min/{project}/{user}', 'quota_metric': 'sheets.googleapis.com/write_requests', 'service': 'sheets.googleapis.com', 'quota_location': 'global', 'quota_limit_value': '60', 'consumer': 'projects/110493255608', 'quota_limit': 'WriteRequestsPerMinutePerUser'}}, {'@type': 'type.googleapis.com/google.rpc.Help', 'links': [{'description': 'Request a higher quota limit.', 'url': 'https://cloud.google.com/docs/quotas/help/request_increase'}]}]}
2026-05-06 13:41:51,614 - ERROR - Failed to mark CTS29.2026.FEV.02736 as left
2026-05-06 13:41:51,614 - INFO - Marking CTS87.2026.MAR.00316 as 'SOLICITAÇÃO SAIU DA SEGECON'...
2026-05-06 13:41:51,846 - ERROR - Error marking process as left: {'code': 429, 'message': "Quota exceeded for quota metric 'Write requests' and limit 'Write requests per minute per user' of service 'sheets.googleapis.com' for consumer 'project_number:110493255608'.", 'status': 'RESOURCE_EXHAUSTED', 'details': [{'@type': 'type.googleapis.com/google.rpc.ErrorInfo', 'reason': 'RATE_LIMIT_EXCEEDED', 'domain': 'googleapis.com', 'metadata': {'quota_location': 'global', 'quota_metric': 'sheets.googleapis.com/write_requests', 'consumer': 'projects/110493255608', 'quota_limit_value': '60', 'service': 'sheets.googleapis.com', 'quota_unit': '1/min/{project}/{user}', 'quota_limit': 'WriteRequestsPerMinutePerUser'}}, {'@type': 'type.googleapis.com/google.rpc.Help', 'links': [{'description': 'Request a higher quota limit.', 'url': 'https://cloud.google.com/docs/quotas/help/request_increase'}]}]}
2026-05-06 13:41:51,846 - ERROR - Failed to mark CTS87.2026.MAR.00316 as left
2026-05-06 13:41:51,846 - INFO - Marking CTS04.2026.MAR.03373 as 'SOLICITAÇÃO SAIU DA SEGECON'...
2026-05-06 13:41:52,057 - ERROR - Error marking process as left: {'code': 429, 'message': "Quota exceeded for quota metric 'Write requests' and limit 'Write requests per minute per user' of service 'sheets.googleapis.com' for consumer 'project_number:110493255608'.", 'status': 'RESOURCE_EXHAUSTED', 'details': [{'@type': 'type.googleapis.com/google.rpc.ErrorInfo', 'reason': 'RATE_LIMIT_EXCEEDED', 'domain': 'googleapis.com', 'metadata': {'quota_location': 'global', 'quota_metric': 'sheets.googleapis.com/write_requests', 'consumer': 'projects/110493255608', 'quota_limit_value': '60', 'service': 'sheets.googleapis.com', 'quota_unit': '1/min/{project}/{user}', 'quota_limit': 'WriteRequestsPerMinutePerUser'}}, {'@type': 'type.googleapis.com/google.rpc.Help', 'links': [{'description': 'Request a higher quota limit.', 'url': 'https://cloud.google.com/docs/quotas/help/request_increase'}]}]}
2026-05-06 13:41:52,057 - ERROR - Failed to mark CTS04.2026.MAR.03373 as left
2026-05-06 13:41:52,057 - INFO - Marking CTS03.2026.FEV.00386 as 'SOLICITAÇÃO SAIU DA SEGECON'...
2026-05-06 13:41:52,256 - ERROR - Error marking process as left: {'code': 429, 'message': "Quota exceeded for quota metric 'Write requests' and limit 'Write requests per minute per user' of service 'sheets.googleapis.com' for consumer 'project_number:110493255608'.", 'status': 'RESOURCE_EXHAUSTED', 'details': [{'@type': 'type.googleapis.com/google.rpc.ErrorInfo', 'reason': 'RATE_LIMIT_EXCEEDED', 'domain': 'googleapis.com', 'metadata': {'quota_location': 'global', 'quota_metric': 'sheets.googleapis.com/write_requests', 'consumer': 'projects/110493255608', 'quota_limit_value': '60', 'service': 'sheets.googleapis.com', 'quota_unit': '1/min/{project}/{user}', 'quota_limit': 'WriteRequestsPerMinutePerUser'}}, {'@type': 'type.googleapis.com/google.rpc.Help', 'links': [{'description': 'Request a higher quota limit.', 'url': 'https://cloud.google.com/docs/quotas/help/request_increase'}]}]}
2026-05-06 13:41:52,256 - ERROR - Failed to mark CTS03.2026.FEV.00386 as left
2026-05-06 13:41:52,256 - INFO - Marking CTS99.2026.MAR.01940 as 'SOLICITAÇÃO SAIU DA SEGECON'...
2026-05-06 13:41:52,457 - ERROR - Error marking process as left: {'code': 429, 'message': "Quota exceeded for quota metric 'Write requests' and limit 'Write requests per minute per user' of service 'sheets.googleapis.com' for consumer 'project_number:110493255608'.", 'status': 'RESOURCE_EXHAUSTED', 'details': [{'@type': 'type.googleapis.com/google.rpc.ErrorInfo', 'reason': 'RATE_LIMIT_EXCEEDED', 'domain': 'googleapis.com', 'metadata': {'quota_location': 'global', 'quota_metric': 'sheets.googleapis.com/write_requests', 'consumer': 'projects/110493255608', 'quota_limit_value': '60', 'service': 'sheets.googleapis.com', 'quota_unit': '1/min/{project}/{user}', 'quota_limit': 'WriteRequestsPerMinutePerUser'}}, {'@type': 'type.googleapis.com/google.rpc.Help', 'links': [{'description': 'Request a higher quota limit.', 'url': 'https://cloud.google.com/docs/quotas/help/request_increase'}]}]}
2026-05-06 13:41:52,457 - ERROR - Failed to mark CTS99.2026.MAR.01940 as left
2026-05-06 13:41:52,457 - INFO - Marking CTS03.2026.ABR.00540 as 'SOLICITAÇÃO SAIU DA SEGECON'...
2026-05-06 13:41:52,616 - ERROR - Error marking process as left: {'code': 429, 'message': "Quota exceeded for quota metric 'Write requests' and limit 'Write requests per minute per user' of service 'sheets.googleapis.com' for consumer 'project_number:110493255608'.", 'status': 'RESOURCE_EXHAUSTED', 'details': [{'@type': 'type.googleapis.com/google.rpc.ErrorInfo', 'reason': 'RATE_LIMIT_EXCEEDED', 'domain': 'googleapis.com', 'metadata': {'quota_location': 'global', 'quota_metric': 'sheets.googleapis.com/write_requests', 'consumer': 'projects/110493255608', 'quota_limit_value': '60', 'service': 'sheets.googleapis.com', 'quota_unit': '1/min/{project}/{user}', 'quota_limit': 'WriteRequestsPerMinutePerUser'}}, {'@type': 'type.googleapis.com/google.rpc.Help', 'links': [{'description': 'Request a higher quota limit.', 'url': 'https://cloud.google.com/docs/quotas/help/request_increase'}]}]}
2026-05-06 13:41:52,616 - ERROR - Failed to mark CTS03.2026.ABR.00540 as left
2026-05-06 13:41:52,616 - INFO - Marking CTS99.2026.ABR.01956 as 'SOLICITAÇÃO SAIU DA SEGECON'...
2026-05-06 13:41:52,800 - ERROR - Error marking process as left: {'code': 429, 'message': "Quota exceeded for quota metric 'Write requests' and limit 'Write requests per minute per user' of service 'sheets.googleapis.com' for consumer 'project_number:110493255608'.", 'status': 'RESOURCE_EXHAUSTED', 'details': [{'@type': 'type.googleapis.com/google.rpc.ErrorInfo', 'reason': 'RATE_LIMIT_EXCEEDED', 'domain': 'googleapis.com', 'metadata': {'quota_location': 'global', 'quota_metric': 'sheets.googleapis.com/write_requests', 'consumer': 'projects/110493255608', 'quota_limit_value': '60', 'service': 'sheets.googleapis.com', 'quota_unit': '1/min/{project}/{user}', 'quota_limit': 'WriteRequestsPerMinutePerUser'}}, {'@type': 'type.googleapis.com/google.rpc.Help', 'links': [{'description': 'Request a higher quota limit.', 'url': 'https://cloud.google.com/docs/quotas/help/request_increase'}]}]}
2026-05-06 13:41:52,800 - ERROR - Failed to mark CTS99.2026.ABR.01956 as left
2026-05-06 13:41:52,800 - INFO - Marking CTS30.2026.ABR.01064 as 'SOLICITAÇÃO SAIU DA SEGECON'...
2026-05-06 13:41:52,975 - ERROR - Error marking process as left: {'code': 429, 'message': "Quota exceeded for quota metric 'Write requests' and limit 'Write requests per minute per user' of service 'sheets.googleapis.com' for consumer 'project_number:110493255608'.", 'status': 'RESOURCE_EXHAUSTED', 'details': [{'@type': 'type.googleapis.com/google.rpc.ErrorInfo', 'reason': 'RATE_LIMIT_EXCEEDED', 'domain': 'googleapis.com', 'metadata': {'quota_location': 'global', 'quota_metric': 'sheets.googleapis.com/write_requests', 'consumer': 'projects/110493255608', 'quota_limit_value': '60', 'service': 'sheets.googleapis.com', 'quota_unit': '1/min/{project}/{user}', 'quota_limit': 'WriteRequestsPerMinutePerUser'}}, {'@type': 'type.googleapis.com/google.rpc.Help', 'links': [{'description': 'Request a higher quota limit.', 'url': 'https://cloud.google.com/docs/quotas/help/request_increase'}]}]}
2026-05-06 13:41:52,975 - ERROR - Failed to mark CTS30.2026.ABR.01064 as left
2026-05-06 13:41:52,975 - INFO - Marking CTP87.2026.FEV.00217 as 'SOLICITAÇÃO SAIU DA SEGECON'...
2026-05-06 13:41:53,176 - ERROR - Error marking process as left: {'code': 429, 'message': "Quota exceeded for quota metric 'Write requests' and limit 'Write requests per minute per user' of service 'sheets.googleapis.com' for consumer 'project_number:110493255608'.", 'status': 'RESOURCE_EXHAUSTED', 'details': [{'@type': 'type.googleapis.com/google.rpc.ErrorInfo', 'reason': 'RATE_LIMIT_EXCEEDED', 'domain': 'googleapis.com', 'metadata': {'quota_location': 'global', 'quota_metric': 'sheets.googleapis.com/write_requests', 'consumer': 'projects/110493255608', 'quota_limit_value': '60', 'service': 'sheets.googleapis.com', 'quota_unit': '1/min/{project}/{user}', 'quota_limit': 'WriteRequestsPerMinutePerUser'}}, {'@type': 'type.googleapis.com/google.rpc.Help', 'links': [{'description': 'Request a higher quota limit.', 'url': 'https://cloud.google.com/docs/quotas/help/request_increase'}]}]}
2026-05-06 13:41:53,176 - ERROR - Failed to mark CTP87.2026.FEV.00217 as left
2026-05-06 13:41:53,176 - INFO - Marking CTS04.2026.FEV.03246 as 'SOLICITAÇÃO SAIU DA SEGECON'...
2026-05-06 13:41:53,392 - ERROR - Error marking process as left: {'code': 429, 'message': "Quota exceeded for quota metric 'Write requests' and limit 'Write requests per minute per user' of service 'sheets.googleapis.com' for consumer 'project_number:110493255608'.", 'status': 'RESOURCE_EXHAUSTED', 'details': [{'@type': 'type.googleapis.com/google.rpc.ErrorInfo', 'reason': 'RATE_LIMIT_EXCEEDED', 'domain': 'googleapis.com', 'metadata': {'quota_location': 'global', 'quota_metric': 'sheets.googleapis.com/write_requests', 'consumer': 'projects/110493255608', 'quota_limit_value': '60', 'service': 'sheets.googleapis.com', 'quota_unit': '1/min/{project}/{user}', 'quota_limit': 'WriteRequestsPerMinutePerUser'}}, {'@type': 'type.googleapis.com/google.rpc.Help', 'links': [{'description': 'Request a higher quota limit.', 'url': 'https://cloud.google.com/docs/quotas/help/request_increase'}]}]}
2026-05-06 13:41:53,392 - ERROR - Failed to mark CTS04.2026.FEV.03246 as left
2026-05-06 13:41:53,392 - INFO - Marking CTS99.2026.ABR.01997 as 'SOLICITAÇÃO SAIU DA SEGECON'...
2026-05-06 13:41:53,576 - ERROR - Error marking process as left: {'code': 429, 'message': "Quota exceeded for quota metric 'Write requests' and limit 'Write requests per minute per user' of service 'sheets.googleapis.com' for consumer 'project_number:110493255608'.", 'status': 'RESOURCE_EXHAUSTED', 'details': [{'@type': 'type.googleapis.com/google.rpc.ErrorInfo', 'reason': 'RATE_LIMIT_EXCEEDED', 'domain': 'googleapis.com', 'metadata': {'quota_location': 'global', 'quota_metric': 'sheets.googleapis.com/write_requests', 'consumer': 'projects/110493255608', 'quota_limit_value': '60', 'service': 'sheets.googleapis.com', 'quota_unit': '1/min/{project}/{user}', 'quota_limit': 'WriteRequestsPerMinutePerUser'}}, {'@type': 'type.googleapis.com/google.rpc.Help', 'links': [{'description': 'Request a higher quota limit.', 'url': 'https://cloud.google.com/docs/quotas/help/request_increase'}]}]}
2026-05-06 13:41:53,576 - ERROR - Failed to mark CTS99.2026.ABR.01997 as left
2026-05-06 13:41:53,576 - INFO - Marking CTS03.2026.MAR.00478 as 'SOLICITAÇÃO SAIU DA SEGECON'...
2026-05-06 13:41:53,777 - ERROR - Error marking process as left: {'code': 429, 'message': "Quota exceeded for quota metric 'Write requests' and limit 'Write requests per minute per user' of service 'sheets.googleapis.com' for consumer 'project_number:110493255608'.", 'status': 'RESOURCE_EXHAUSTED', 'details': [{'@type': 'type.googleapis.com/google.rpc.ErrorInfo', 'reason': 'RATE_LIMIT_EXCEEDED', 'domain': 'googleapis.com', 'metadata': {'quota_location': 'global', 'quota_metric': 'sheets.googleapis.com/write_requests', 'consumer': 'projects/110493255608', 'quota_limit_value': '60', 'service': 'sheets.googleapis.com', 'quota_unit': '1/min/{project}/{user}', 'quota_limit': 'WriteRequestsPerMinutePerUser'}}, {'@type': 'type.googleapis.com/google.rpc.Help', 'links': [{'description': 'Request a higher quota limit.', 'url': 'https://cloud.google.com/docs/quotas/help/request_increase'}]}]}
2026-05-06 13:41:53,777 - ERROR - Failed to mark CTS03.2026.MAR.00478 as left
2026-05-06 13:41:53,792 - INFO - Marking CTS85.2026.ABR.00173 as 'SOLICITAÇÃO SAIU DA SEGECON'...
2026-05-06 13:41:54,446 - INFO - Process CTS85.2026.ABR.00173 marked as 'SOLICITAÇÃO SAIU DA SEGECON' at row 73
2026-05-06 13:41:54,446 - INFO - Marking CTP01.2026.MAR.03609 as 'SOLICITAÇÃO SAIU DA SEGECON'...
2026-05-06 13:41:55,338 - INFO - Process CTP01.2026.MAR.03609 marked as 'SOLICITAÇÃO SAIU DA SEGECON' at row 3
2026-05-06 13:41:55,348 - INFO - Marking CTS02.2026.FEV.00440 as 'SOLICITAÇÃO SAIU DA SEGECON'...
2026-05-06 13:41:55,949 - INFO - Process CTS02.2026.FEV.00440 marked as 'SOLICITAÇÃO SAIU DA SEGECON' at row 14
2026-05-06 13:41:55,949 - INFO - Marking CTS02.2026.MAR.00480 as 'SOLICITAÇÃO SAIU DA SEGECON'...
2026-05-06 13:41:56,124 - ERROR - Error marking process as left: {'code': 429, 'message': "Quota exceeded for quota metric 'Write requests' and limit 'Write requests per minute per user' of service 'sheets.googleapis.com' for consumer 'project_number:110493255608'.", 'status': 'RESOURCE_EXHAUSTED', 'details': [{'@type': 'type.googleapis.com/google.rpc.ErrorInfo', 'reason': 'RATE_LIMIT_EXCEEDED', 'domain': 'googleapis.com', 'metadata': {'quota_limit': 'WriteRequestsPerMinutePerUser', 'quota_location': 'global', 'quota_limit_value': '60', 'service': 'sheets.googleapis.com', 'quota_metric': 'sheets.googleapis.com/write_requests', 'quota_unit': '1/min/{project}/{user}', 'consumer': 'projects/110493255608'}}, {'@type': 'type.googleapis.com/google.rpc.Help', 'links': [{'description': 'Request a higher quota limit.', 'url': 'https://cloud.google.com/docs/quotas/help/request_increase'}]}]}
2026-05-06 13:41:56,124 - ERROR - Failed to mark CTS02.2026.MAR.00480 as left
2026-05-06 13:41:56,124 - INFO - Marking CTS30.2026.FEV.00704 as 'SOLICITAÇÃO SAIU DA SEGECON'...
2026-05-06 13:41:56,287 - ERROR - Error marking process as left: {'code': 429, 'message': "Quota exceeded for quota metric 'Write requests' and limit 'Write requests per minute per user' of service 'sheets.googleapis.com' for consumer 'project_number:110493255608'.", 'status': 'RESOURCE_EXHAUSTED', 'details': [{'@type': 'type.googleapis.com/google.rpc.ErrorInfo', 'reason': 'RATE_LIMIT_EXCEEDED', 'domain': 'googleapis.com', 'metadata': {'quota_limit': 'WriteRequestsPerMinutePerUser', 'quota_location': 'global', 'quota_limit_value': '60', 'service': 'sheets.googleapis.com', 'quota_metric': 'sheets.googleapis.com/write_requests', 'quota_unit': '1/min/{project}/{user}', 'consumer': 'projects/110493255608'}}, {'@type': 'type.googleapis.com/google.rpc.Help', 'links': [{'description': 'Request a higher quota limit.', 'url': 'https://cloud.google.com/docs/quotas/help/request_increase'}]}]}
2026-05-06 13:41:56,303 - ERROR - Failed to mark CTS30.2026.FEV.00704 as left
2026-05-06 13:41:56,303 - INFO - Marking CTS29.2026.MAR.02922 as 'SOLICITAÇÃO SAIU DA SEGECON'...
2026-05-06 13:41:56,669 - ERROR - Error marking process as left: {'code': 429, 'message': "Quota exceeded for quota metric 'Write requests' and limit 'Write requests per minute per user' of service 'sheets.googleapis.com' for consumer 'project_number:110493255608'.", 'status': 'RESOURCE_EXHAUSTED', 'details': [{'@type': 'type.googleapis.com/google.rpc.ErrorInfo', 'reason': 'RATE_LIMIT_EXCEEDED', 'domain': 'googleapis.com', 'metadata': {'quota_limit': 'WriteRequestsPerMinutePerUser', 'quota_location': 'global', 'quota_limit_value': '60', 'service': 'sheets.googleapis.com', 'quota_metric': 'sheets.googleapis.com/write_requests', 'quota_unit': '1/min/{project}/{user}', 'consumer': 'projects/110493255608'}}, {'@type': 'type.googleapis.com/google.rpc.Help', 'links': [{'description': 'Request a higher quota limit.', 'url': 'https://cloud.google.com/docs/quotas/help/request_increase'}]}]}
2026-05-06 13:41:56,669 - ERROR - Failed to mark CTS29.2026.MAR.02922 as left
2026-05-06 13:41:56,669 - INFO - Marking CTS03.2026.FEV.00339 as 'SOLICITAÇÃO SAIU DA SEGECON'...
2026-05-06 13:41:56,845 - ERROR - Error marking process as left: {'code': 429, 'message': "Quota exceeded for quota metric 'Write requests' and limit 'Write requests per minute per user' of service 'sheets.googleapis.com' for consumer 'project_number:110493255608'.", 'status': 'RESOURCE_EXHAUSTED', 'details': [{'@type': 'type.googleapis.com/google.rpc.ErrorInfo', 'reason': 'RATE_LIMIT_EXCEEDED', 'domain': 'googleapis.com', 'metadata': {'quota_limit': 'WriteRequestsPerMinutePerUser', 'quota_location': 'global', 'quota_limit_value': '60', 'service': 'sheets.googleapis.com', 'quota_metric': 'sheets.googleapis.com/write_requests', 'quota_unit': '1/min/{project}/{user}', 'consumer': 'projects/110493255608'}}, {'@type': 'type.googleapis.com/google.rpc.Help', 'links': [{'description': 'Request a higher quota limit.', 'url': 'https://cloud.google.com/docs/quotas/help/request_increase'}]}]}
2026-05-06 13:41:56,845 - ERROR - Failed to mark CTS03.2026.FEV.00339 as left
2026-05-06 13:41:56,845 - INFO - ================================================================================
2026-05-06 13:41:56,845 - INFO - PROCESSAMENTO CONCLUÍDO!
2026-05-06 13:41:56,845 - INFO - ================================================================================
2026-05-06 13:41:56,845 - INFO - Total de solicitações processadas: 26
2026-05-06 13:41:56,845 - INFO - Solicitações novas inseridas: 10
2026-05-06 13:41:56,845 - INFO - Solicitações atualizadas: 16
2026-05-06 13:41:56,845 - INFO - Solicitações com erro: 0
2026-05-06 13:41:56,845 - INFO - Solicitações que saíram da SEGECON: 35
2026-05-06 13:41:56,845 - INFO - Páginas de listagem processadas: 3
2026-05-06 13:41:56,852 - INFO - Processos únicos no ecompras: 26
2026-05-06 13:41:56,853 - INFO - ================================================================================
2026-05-06 13:41:56,854 - INFO - 
2026-05-06 13:41:56,854 - INFO - ================================================================================
2026-05-06 13:41:56,855 - INFO - RELATÓRIO DETALHADO DE ERROS
2026-05-06 13:41:56,856 - INFO - ================================================================================
2026-05-06 13:41:56,856 - ERROR -   1. Página 3, Índice 6 (ID: p1_cph1_SCs_GdSCs_GdSCs_Lkb_Sc_6)
2026-05-06 13:41:56,856 - ERROR -      Nº SC: Desconhecido
2026-05-06 13:41:56,856 - ERROR -      Motivo: NOT_FOUND - Element not found on page
2026-05-06 13:41:56,856 - INFO - ================================================================================
2026-05-06 13:41:56,856 - INFO - 
2026-05-06 13:41:56,856 - INFO - ================================================================================
2026-05-06 13:41:56,856 - INFO - LISTA DE NOVAS SOLICITAÇÕES INSERIDAS
2026-05-06 13:41:56,856 - INFO - ================================================================================
2026-05-06 13:41:56,856 - INFO -   1. Página 1, Índice 0 - Nº SC: CTP01.2026.MAI.03843
2026-05-06 13:41:56,856 - INFO -   2. Página 1, Índice 1 - Nº SC: CTP30.2026.MAI.01152
2026-05-06 13:41:56,856 - INFO -   3. Página 1, Índice 2 - Nº SC: CTP03.2026.MAI.00555
2026-05-06 13:41:56,856 - INFO -   4. Página 1, Índice 3 - Nº SC: CTP30.2026.MAI.01151
2026-05-06 13:41:56,856 - INFO -   5. Página 1, Índice 4 - Nº SC: CTP29.2026.MAI.03063
2026-05-06 13:41:56,866 - INFO -   6. Página 1, Índice 5 - Nº SC: CTP08.2026.MAI.02289
2026-05-06 13:41:56,866 - INFO -   7. Página 1, Índice 6 - Nº SC: CTS88.2026.MAI.00708
2026-05-06 13:41:56,867 - INFO -   8. Página 1, Índice 7 - Nº SC: CTS88.2026.MAI.00707
2026-05-06 13:41:56,867 - INFO -   9. Página 1, Índice 8 - Nº SC: CTP28.2026.MAI.02033
2026-05-06 13:41:56,867 - INFO -   10. Página 1, Índice 9 - Nº SC: CTPS30.2026.MAI.01146
2026-05-06 13:41:56,867 - INFO - ================================================================================
2026-05-06 13:41:56,870 - INFO - 
2026-05-06 13:41:56,871 - INFO - ================================================================================
2026-05-06 13:41:56,871 - INFO - LISTA DE SOLICITAÇÕES ATUALIZADAS
2026-05-06 13:41:56,871 - INFO - ================================================================================
2026-05-06 13:41:56,871 - INFO -   1. Página 2, Índice 0 - Nº SC: CTS87.2026.ABR.00409
2026-05-06 13:41:56,871 - INFO -   2. Página 2, Índice 1 - Nº SC: CTS03.2026.ABR.00545
2026-05-06 13:41:56,871 - INFO -   3. Página 2, Índice 2 - Nº SC: CTS03.2026.ABR.00544
2026-05-06 13:41:56,871 - INFO -   4. Página 2, Índice 3 - Nº SC: CTS28.2026.ABR.02008
2026-05-06 13:41:56,871 - INFO -   5. Página 2, Índice 4 - Nº SC: CTS85.2026.ABR.00181
2026-05-06 13:41:56,871 - INFO -   6. Página 2, Índice 5 - Nº SC: CTS86.2026.ABR.00211
2026-05-06 13:41:56,877 - INFO -   7. Página 2, Índice 6 - Nº SC: CTS85.2026.ABR.00180
2026-05-06 13:41:56,877 - INFO -   8. Página 2, Índice 7 - Nº SC: CTS86.2026.ABR.00210
2026-05-06 13:41:56,877 - INFO -   9. Página 2, Índice 8 - Nº SC: CTS02.2026.ABR.00547
2026-05-06 13:41:56,877 - INFO -   10. Página 2, Índice 9 - Nº SC: CTS12.2026.ABR.00084
2026-05-06 13:41:56,880 - INFO -   11. Página 3, Índice 0 - Nº SC: CTP04.2026.ABR.03561
2026-05-06 13:41:56,881 - INFO -   12. Página 3, Índice 1 - Nº SC: CTS87.2026.ABR.00376
2026-05-06 13:41:56,881 - INFO -   13. Página 3, Índice 2 - Nº SC: CTS03.2026.ABR.00535
2026-05-06 13:41:56,881 - INFO -   14. Página 3, Índice 3 - Nº SC: CTS85.2026.ABR.00149
2026-05-06 13:41:56,881 - INFO -   15. Página 3, Índice 4 - Nº SC: CTS87.2026.MAR.00329
2026-05-06 13:41:56,881 - INFO -   16. Página 3, Índice 5 - Nº SC: CTS03.2026.FEV.00373
2026-05-06 13:41:56,881 - INFO - ================================================================================
2026-05-06 13:41:56,885 - INFO - 
2026-05-06 13:41:56,885 - INFO - ================================================================================
2026-05-06 13:41:56,887 - INFO - LISTA DE SOLICITAÇÕES QUE SAÍRAM DA SEGECON
2026-05-06 13:41:56,887 - INFO - ================================================================================
2026-05-06 13:41:56,887 - INFO -   1. Nº SC: CTS28.2026.MAR.01891
2026-05-06 13:41:56,888 - INFO -   2. Nº SC: CTPS28.2026.ABR.01935
2026-05-06 13:41:56,888 - INFO -   3. Nº SC: CTS03.2026.JAN.00256
2026-05-06 13:41:56,888 - INFO -   4. Nº SC: CTS99.2026.ABR.01995
2026-05-06 13:41:56,890 - INFO -   5. Nº SC: CTS85.2026.ABR.00161
2026-05-06 13:41:56,890 - INFO -   6. Nº SC: CTS08.2026.FEV.02076
2026-05-06 13:41:56,890 - INFO -   7. Nº SC: CTS87.2026.MAR.00292
2026-05-06 13:41:56,891 - INFO -   8. Nº SC: CTS29.2026.FEV.02802
2026-05-06 13:41:56,891 - INFO -   9. Nº SC: CTS28.2026.ABR.01976
2026-05-06 13:41:56,891 - INFO -   10. Nº SC: CTS14.2026.JAN.00109
2026-05-06 13:41:56,891 - INFO -   11. Nº SC: CTP01.2026.ABR.03655
2026-05-06 13:41:56,891 - INFO -   12. Nº SC: CTS87.2026.ABR.00394
2026-05-06 13:41:56,891 - INFO -   13. Nº SC: CTS87.2026.MAR.00314
2026-05-06 13:41:56,891 - INFO -   14. Nº SC: CTS85.2026.MAR.00140
2026-05-06 13:41:56,891 - INFO -   15. Nº SC: CTS88.2026.ABR.00693
2026-05-06 13:41:56,895 - INFO -   16. Nº SC: CTP28.2026.ABR.01935
2026-05-06 13:41:56,895 - INFO -   17. Nº SC: CTP03.2026.FEV.00382
2026-05-06 13:41:56,896 - INFO -   18. Nº SC: CTP01.2026.ABR.03687
2026-05-06 13:41:56,897 - INFO -   19. Nº SC: CTS02.2026.ABR.00520
2026-05-06 13:41:56,897 - INFO -   20. Nº SC: CTS02.2026.ABR.00508
2026-05-06 13:41:56,897 - INFO -   21. Nº SC: CTP29.2026.ABR.02944
2026-05-06 13:41:56,897 - INFO -   22. Nº SC: CTS88.2026.ABR.00659
2026-05-06 13:41:56,897 - INFO -   23. Nº SC: CTS30.2026.ABR.00955
2026-05-06 13:41:56,897 - INFO -   24. Nº SC: CTS02.2025.SET.00198
2026-05-06 13:41:56,897 - INFO -   25. Nº SC: CTP08.2026.ABR.106611
2026-05-06 13:41:56,897 - INFO -   26. Nº SC: CTS99.2026.MAR.01936
2026-05-06 13:41:56,900 - INFO -   27. Nº SC: CTS28.2026.MAR.01790
2026-05-06 13:41:56,900 - INFO -   28. Nº SC: CTS30.2026.ABR.01116
2026-05-06 13:41:56,901 - INFO -   29. Nº SC: CTP88.2026.ABR.00658
2026-05-06 13:41:56,901 - INFO -   30. Nº SC: CTP28.2026.FEV.01698
2026-05-06 13:41:56,901 - INFO -   31. Nº SC: CTS28.2026.ABR.01920
2026-05-06 13:41:56,901 - INFO -   32. Nº SC: CTS86.2026.MAR.00159
2026-05-06 13:41:56,901 - INFO -   33. Nº SC: CTS85.2026.ABR.00173
2026-05-06 13:41:56,904 - INFO -   34. Nº SC: CTP01.2026.MAR.03609
2026-05-06 13:41:56,904 - INFO -   35. Nº SC: CTS02.2026.FEV.00440
2026-05-06 13:41:56,904 - INFO - ================================================================================
2026-05-06 13:42:03,023 - INFO - Mensagem enviada ao Telegram com sucesso (chat_id=6760564985)
2026-05-06 13:42:04,752 - INFO - Mensagem enviada ao Telegram com sucesso (chat_id=1356469598)
2026-05-06 13:42:07,000 - INFO - Mensagem enviada ao Telegram com sucesso (chat_id=8587977306)
2026-05-06 13:42:07,205 - INFO - Closing browser in 30 seconds (for verification)...
2026-05-06 13:42:42,307 - INFO - Browser closed
